Name,Position,Goals,Losses,Assists,Red cards,Fouls,Appearances,Passes per match,Passes,Wins,Yellow cards
Sergio Reguilón,Defender,0.0,10.0,4.0,0.0,30.0,34.0,42.03,1429.0,17.0,5.0
Rhys Williams,Defender,0.0,1.0,0.0,0.0,4.0,9.0,56.0,504.0,7.0,0.0
Emerson Royal,Defender,0.0,3.0,0.0,0.0,5.0,4.0,33.0,132.0,1.0,0.0
Gary Cahill,Defender,28.0,135.0,11.0,3.0,278.0,394.0,34.17,13464.0,172.0,41.0
Mads Bech Sørensen,Defender,0.0,0.0,0.0,0.0,0.0,1.0,2.0,2.0,1.0,0.0
Ajibola Alese,Defender,0.0,0.0,0.0,0.0,0.0,0.0,0.0,0.0,0.0,0.0
Nuno Tavares,Defender,0.0,2.0,0.0,0.0,1.0,4.0,6.0,24.0,2.0,1.0
Maximilian Kilman,Defender,0.0,10.0,1.0,0.0,24.0,29.0,41.38,1200.0,12.0,5.0
Alex Cochrane,Defender,0.0,0.0,0.0,0.0,0.0,0.0,0.0,0.0,0.0,0.0
Andrew Omobamidele,Defender,0.0,1.0,0.0,0.0,1.0,1.0,51.0,51.0,0.0,0.0
Jake Vokins,Defender,0.0,1.0,0.0,0.0,2.0,2.0,35.5,71.0,0.0,0.0
Harry Maguire,Defender,10.0,62.0,8.0,1.0,157.0,179.0,54.6,9774.0,74.0,37.0
Christoph Zimmermann,Defender,0.0,10.0,1.0,0.0,9.0,17.0,38.88,661.0,2.0,3.0
Charlie Cresswell,Defender,0.0,1.0,0.0,0.0,1.0,1.0,72.0,72.0,0.0,0.0
Ben Gibson,Defender,2.0,25.0,1.0,0.0,21.0,44.0,45.48,2001.0,5.0,5.0
Ibrahima Konaté,Defender,0.0,0.0,0.0,0.0,1.0,1.0,56.0,56.0,1.0,0.0
Frederik Alves,Defender,0.0,0.0,0.0,0.0,0.0,0.0,0.0,0.0,0.0,0.0
Lewis Dunk,Defender,11.0,63.0,5.0,3.0,100.0,150.0,52.91,7936.0,39.0,26.0
Maksim Paskotsi,Defender,0.0,0.0,0.0,0.0,0.0,0.0,0.0,0.0,0.0,0.0
Eric García,Defender,0.0,4.0,0.0,0.0,13.0,19.0,56.16,1067.0,14.0,1.0
Craig Dawson,Defender,17.0,89.0,2.0,1.0,200.0,209.0,30.67,6409.0,63.0,35.0
Ahmed El Mohamady,Defender,6.0,96.0,13.0,1.0,158.0,197.0,36.03,7098.0,51.0,14.0
Joseph Gomez,Defender,0.0,7.0,3.0,0.0,63.0,81.0,60.49,4900.0,56.0,15.0
Joel Lopez Salguero,Defender,0.0,0.0,0.0,0.0,0.0,0.0,0.0,0.0,0.0,0.0
Héctor Bellerín,Defender,8.0,47.0,20.0,0.0,143.0,183.0,44.49,8141.0,99.0,30.0
Issa Diop,Defender,6.0,34.0,1.0,0.0,57.0,83.0,32.42,2691.0,32.0,15.0
Marc Cucurella,Defender,0.0,0.0,0.0,0.0,4.0,4.0,51.0,204.0,2.0,1.0
Timothy Castagne,Defender,2.0,11.0,3.0,0.0,24.0,32.0,46.56,1490.0,15.0,1.0
Lyanco,Defender,0.0,0.0,0.0,0.0,0.0,0.0,0.0,0.0,0.0,0.0
Harrison Ashby,Defender,0.0,0.0,0.0,0.0,0.0,0.0,0.0,0.0,0.0,0.0
Patrick van Aanholt,Defender,20.0,103.0,15.0,0.0,105.0,213.0,36.55,7785.0,63.0,21.0
Ben Johnson,Defender,1.0,6.0,0.0,0.0,14.0,19.0,16.84,320.0,10.0,1.0
Sil Swinkels,Defender,0.0,0.0,0.0,0.0,0.0,0.0,0.0,0.0,0.0,0.0
Paul Dummett,Defender,3.0,60.0,0.0,1.0,67.0,143.0,30.29,4332.0,48.0,14.0
Neil Taylor,Defender,0.0,63.0,5.0,0.0,122.0,146.0,37.67,5500.0,48.0,22.0
Tudor Baluta,Defender,0.0,0.0,0.0,0.0,0.0,0.0,0.0,0.0,0.0,0.0
Kyle John,Defender,0.0,0.0,0.0,0.0,0.0,0.0,0.0,0.0,0.0,0.0
Cody Drameh,Defender,0.0,0.0,0.0,0.0,0.0,0.0,0.0,0.0,0.0,0.0
Wesley Hoedt,Defender,0.0,19.0,1.0,0.0,37.0,41.0,47.41,1944.0,6.0,9.0
Emerson,Defender,0.0,14.0,1.0,0.0,18.0,33.0,40.7,1343.0,14.0,3.0
Raphaël Varane,Defender,0.0,1.0,1.0,0.0,1.0,5.0,69.0,345.0,3.0,0.0
João Cancelo,Defender,2.0,10.0,4.0,1.0,59.0,52.0,65.19,3390.0,35.0,10.0
Ciaran Clark,Defender,15.0,99.0,5.0,2.0,189.0,206.0,32.22,6637.0,50.0,51.0
Jake Clarke-Salter,Defender,0.0,0.0,0.0,0.0,0.0,1.0,6.0,6.0,1.0,0.0
Matthew Lowton,Defender,3.0,103.0,14.0,0.0,166.0,213.0,32.38,6898.0,59.0,41.0
Eric Dier,Defender,10.0,48.0,8.0,0.0,179.0,209.0,55.66,11632.0,117.0,36.0
Conor Coady,Defender,1.0,43.0,0.0,0.0,53.0,121.0,47.24,5716.0,47.0,16.0
Fabian Schär,Defender,7.0,32.0,1.0,1.0,82.0,66.0,36.77,2427.0,23.0,23.0
Luke Mbete,Defender,0.0,0.0,0.0,0.0,0.0,0.0,0.0,0.0,0.0,0.0
Akin Famewo,Defender,0.0,1.0,0.0,0.0,0.0,1.0,0.0,0.0,0.0,0.0
Davide Zappacosta,Defender,1.0,4.0,1.0,0.0,9.0,26.0,20.0,520.0,17.0,0.0
Florian Lejeune,Defender,2.0,22.0,2.0,0.0,34.0,42.0,43.6,1831.0,13.0,3.0
Jannik Vestergaard,Defender,4.0,35.0,0.0,1.0,48.0,77.0,47.81,3681.0,26.0,9.0
Diego Llorente,Defender,2.0,5.0,0.0,0.0,17.0,18.0,47.22,850.0,9.0,2.0
Kristoffer Ajer,Defender,0.0,1.0,0.0,0.0,2.0,6.0,26.17,157.0,2.0,1.0
Joshua Wilson-Esbrand,Defender,0.0,0.0,0.0,0.0,0.0,0.0,0.0,0.0,0.0,0.0
Rúben Vinagre,Defender,0.0,11.0,0.0,0.0,21.0,35.0,17.37,608.0,14.0,2.0
Charlie Goode,Defender,0.0,0.0,0.0,0.0,0.0,0.0,0.0,0.0,0.0,0.0
Craig Cathcart,Defender,5.0,70.0,1.0,0.0,69.0,157.0,30.57,4799.0,49.0,19.0
Christian Kabasele,Defender,4.0,47.0,2.0,3.0,90.0,95.0,25.98,2468.0,27.0,9.0
Alex Telles,Defender,0.0,2.0,2.0,0.0,4.0,9.0,50.89,458.0,7.0,0.0
Serge Aurier,Defender,5.0,19.0,12.0,2.0,102.0,77.0,40.49,3118.0,40.0,4.0
Pascal Struijk,Defender,1.0,13.0,0.0,1.0,30.0,32.0,47.25,1512.0,14.0,4.0
Shea Charles,Defender,0.0,0.0,0.0,0.0,0.0,0.0,0.0,0.0,0.0,0.0
Pablo Marí,Defender,0.0,5.0,0.0,0.0,11.0,14.0,58.64,821.0,7.0,3.0
Ben Wilmot,Defender,0.0,1.0,0.0,0.0,0.0,2.0,4.5,9.0,1.0,0.0
Dujon Sterling,Defender,0.0,0.0,0.0,0.0,0.0,0.0,0.0,0.0,0.0,0.0
Matt Targett,Defender,2.0,46.0,9.0,0.0,73.0,115.0,35.33,4063.0,41.0,15.0
Jonny,Defender,3.0,21.0,3.0,0.0,64.0,75.0,31.25,2344.0,29.0,10.0
Çaglar Söyüncü,Defender,2.0,20.0,1.0,1.0,62.0,70.0,63.23,4426.0,33.0,8.0
Marc Navarro,Defender,0.0,1.0,0.0,0.0,1.0,2.0,11.5,23.0,1.0,0.0
Nigel Lonwijk,Defender,0.0,0.0,0.0,0.0,0.0,0.0,0.0,0.0,0.0,0.0
Leo Østigard,Defender,0.0,0.0,0.0,0.0,0.0,0.0,0.0,0.0,0.0,0.0
Phil Bardsley,Defender,7.0,132.0,5.0,2.0,333.0,303.0,30.81,9336.0,101.0,79.0
Marcos Alonso,Defender,23.0,34.0,13.0,1.0,144.0,157.0,45.03,7069.0,98.0,29.0
Dennis Cirkin,Defender,0.0,0.0,0.0,0.0,0.0,0.0,0.0,0.0,0.0,0.0
Finley Burns,Defender,0.0,0.0,0.0,0.0,0.0,0.0,0.0,0.0,0.0,0.0
Jamal Lewis,Defender,1.0,37.0,1.0,0.0,33.0,53.0,32.11,1702.0,10.0,8.0
Andrew Robertson,Defender,5.0,45.0,40.0,0.0,106.0,193.0,57.5,11098.0,105.0,23.0
Maxwel Cornet,Defender,1.0,1.0,0.0,0.0,0.0,2.0,15.0,30.0,0.0,1.0
Toby Stevenson,Defender,0.0,0.0,0.0,0.0,0.0,0.0,0.0,0.0,0.0,0.0
Michal Karbownik,Defender,0.0,0.0,0.0,0.0,0.0,0.0,0.0,0.0,0.0,0.0
Callum Rowe,Defender,0.0,0.0,0.0,0.0,0.0,0.0,0.0,0.0,0.0,0.0
Romain Perraud,Defender,0.0,1.0,0.0,0.0,6.0,4.0,16.0,64.0,0.0,0.0
Ben White,Defender,0.0,14.0,0.0,1.0,34.0,41.0,48.34,1982.0,12.0,4.0
Kallum Cesay,Defender,0.0,0.0,0.0,0.0,0.0,0.0,0.0,0.0,0.0,0.0
Angelo Ogbonna,Defender,7.0,61.0,1.0,0.0,117.0,170.0,34.57,5877.0,63.0,21.0
Owen Dodgson,Defender,0.0,0.0,0.0,0.0,0.0,0.0,0.0,0.0,0.0,0.0
John Stones,Defender,5.0,42.0,0.0,1.0,52.0,184.0,57.62,10602.0,107.0,7.0
James Furlong,Defender,0.0,0.0,0.0,0.0,0.0,0.0,0.0,0.0,0.0,0.0
Ethan Pinnock,Defender,1.0,1.0,1.0,0.0,0.0,7.0,40.43,283.0,3.0,0.0
Nathan Collins,Defender,0.0,0.0,0.0,0.0,2.0,1.0,35.0,35.0,0.0,0.0
Rico Henry,Defender,0.0,1.0,0.0,0.0,6.0,7.0,26.86,188.0,3.0,1.0
Valentino Livramento,Defender,0.0,3.0,0.0,0.0,4.0,7.0,34.0,238.0,0.0,1.0
Francisco Sierralta,Defender,0.0,3.0,0.0,0.0,2.0,3.0,42.67,128.0,0.0,0.0
Mason Holgate,Defender,1.0,26.0,4.0,0.0,72.0,95.0,38.02,3612.0,42.0,20.0
Tariq Lamptey,Defender,1.0,8.0,2.0,1.0,34.0,20.0,27.6,552.0,5.0,4.0
Wes Morgan,Defender,8.0,60.0,2.0,3.0,129.0,170.0,26.11,4439.0,72.0,12.0
Nathaniel Clyne,Defender,4.0,66.0,11.0,0.0,105.0,198.0,41.27,8171.0,84.0,20.0
Diogo Dalot,Defender,0.0,8.0,2.0,0.0,14.0,22.0,22.5,495.0,10.0,4.0
Jimmy Dunne,Defender,1.0,3.0,0.0,0.0,2.0,3.0,51.0,153.0,0.0,1.0
Teden Mengi,Defender,0.0,0.0,0.0,0.0,0.0,0.0,0.0,0.0,0.0,0.0
Omar Rekik,Defender,0.0,0.0,0.0,0.0,0.0,0.0,0.0,0.0,0.0,0.0
Luka Racic,Defender,0.0,0.0,0.0,0.0,0.0,0.0,0.0,0.0,0.0,0.0
Sead Kolasinac,Defender,2.0,23.0,11.0,0.0,76.0,79.0,40.67,3213.0,40.0,13.0
Robin Koch,Defender,0.0,7.0,0.0,0.0,18.0,18.0,44.22,796.0,8.0,1.0
Odeluga Offiah,Defender,0.0,0.0,0.0,0.0,0.0,0.0,0.0,0.0,0.0,0.0
Mamadou Sakho,Defender,3.0,45.0,2.0,1.0,41.0,128.0,46.79,5989.0,53.0,6.0
Yan Couto,Defender,0.0,0.0,0.0,0.0,0.0,0.0,0.0,0.0,0.0,0.0
Nicolas Nkoulou,Defender,0.0,0.0,0.0,0.0,0.0,0.0,0.0,0.0,0.0,0.0
Erik Palmer-Brown,Defender,0.0,0.0,0.0,0.0,0.0,0.0,0.0,0.0,0.0,0.0
Fabián Balbuena,Defender,3.0,23.0,0.0,1.0,37.0,54.0,33.65,1817.0,22.0,5.0
Reece Welch,Defender,0.0,0.0,0.0,0.0,0.0,0.0,0.0,0.0,0.0,0.0
Erik Pieters,Defender,1.0,88.0,12.0,0.0,326.0,214.0,34.35,7350.0,68.0,35.0
Trevoh Chalobah,Defender,2.0,0.0,0.0,0.0,3.0,4.0,49.5,198.0,3.0,0.0
Jaroslaw Jach,Defender,0.0,0.0,0.0,0.0,0.0,0.0,0.0,0.0,0.0,0.0
Jeremy Ngakia,Defender,0.0,6.0,0.0,0.0,5.0,9.0,19.78,178.0,2.0,0.0
Ryan Astley,Defender,0.0,0.0,0.0,0.0,0.0,0.0,0.0,0.0,0.0,0.0
Frankie Ealing,Defender,0.0,0.0,0.0,0.0,0.0,0.0,0.0,0.0,0.0,0.0
Joel Matip,Defender,5.0,8.0,2.0,0.0,64.0,101.0,61.7,6232.0,65.0,11.0
Luke Ayling,Defender,1.0,17.0,0.0,0.0,29.0,43.0,64.12,2757.0,18.0,7.0
Takehiro Tomiyasu,Defender,0.0,0.0,0.0,0.0,4.0,4.0,40.0,160.0,3.0,0.0
Antef Tsoungui,Defender,0.0,0.0,0.0,0.0,0.0,0.0,0.0,0.0,0.0,0.0
Ethan Ampadu,Defender,0.0,20.0,0.0,0.0,25.0,26.0,39.42,1025.0,5.0,3.0
Kieran Tierney,Defender,2.0,18.0,4.0,0.0,24.0,49.0,37.51,1838.0,22.0,6.0
Christian Marques,Defender,0.0,0.0,0.0,0.0,0.0,0.0,0.0,0.0,0.0,0.0
Adam Webster,Defender,4.0,23.0,1.0,0.0,40.0,64.0,62.64,4009.0,17.0,9.0
Toby Alderweireld,Defender,9.0,49.0,4.0,0.0,83.0,200.0,56.97,11394.0,112.0,22.0
Josh Knight,Defender,0.0,0.0,0.0,0.0,0.0,0.0,0.0,0.0,0.0,0.0
Matthew Pollock,Defender,0.0,0.0,0.0,0.0,0.0,0.0,0.0,0.0,0.0,0.0
Rayan Aït-Nouri,Defender,1.0,11.0,1.0,0.0,15.0,22.0,28.64,630.0,5.0,1.0
Michael Keane,Defender,9.0,76.0,6.0,0.0,99.0,193.0,42.16,8137.0,71.0,17.0
Frédéric Guilbert,Defender,0.0,13.0,2.0,0.0,36.0,25.0,29.96,749.0,7.0,7.0
Malachi Fagan-Walcott,Defender,0.0,0.0,0.0,0.0,0.0,0.0,0.0,0.0,0.0,0.0
Cédric Soares,Defender,2.0,54.0,12.0,0.0,88.0,138.0,35.68,4924.0,46.0,20.0
Antonio Rüdiger,Defender,7.0,24.0,1.0,0.0,95.0,106.0,72.45,7680.0,61.0,16.0
Trent Alexander-Arnold,Defender,8.0,17.0,35.0,0.0,71.0,134.0,59.04,7911.0,94.0,13.0
Jake Walker,Defender,0.0,0.0,0.0,0.0,0.0,0.0,0.0,0.0,0.0,0.0
Philippe Sandler,Defender,0.0,0.0,0.0,0.0,0.0,0.0,0.0,0.0,0.0,0.0
Taylor Harwood-Bellis,Defender,0.0,0.0,0.0,0.0,0.0,0.0,0.0,0.0,0.0,0.0
Harry Clarke,Defender,0.0,0.0,0.0,0.0,0.0,0.0,0.0,0.0,0.0,0.0
William Saliba,Defender,0.0,0.0,0.0,0.0,0.0,0.0,0.0,0.0,0.0,0.0
Richard Nartey,Defender,0.0,0.0,0.0,0.0,0.0,0.0,0.0,0.0,0.0,0.0
Finley Stevens,Defender,0.0,0.0,0.0,0.0,0.0,0.0,0.0,0.0,0.0,0.0
David Luiz,Defender,14.0,45.0,7.0,4.0,227.0,213.0,52.4,11161.0,120.0,41.0
Nélson Semedo,Defender,1.0,18.0,1.0,0.0,49.0,40.0,45.23,1809.0,13.0,5.0
Ben Chilwell,Defender,8.0,43.0,14.0,1.0,107.0,127.0,47.62,6048.0,54.0,13.0
Jan Bednarek,Defender,3.0,47.0,3.0,1.0,89.0,104.0,45.82,4765.0,33.0,17.0
Malang Sarr,Defender,0.0,0.0,0.0,0.0,0.0,0.0,0.0,0.0,0.0,0.0
Winston Reid,Defender,6.0,71.0,3.0,1.0,170.0,166.0,29.38,4877.0,52.0,38.0
Kyle Walker-Peters,Defender,0.0,18.0,7.0,0.0,50.0,57.0,40.81,2326.0,25.0,8.0
César Azpilicueta,Defender,9.0,61.0,35.0,2.0,279.0,304.0,58.88,17898.0,176.0,28.0
Eric Bailly,Defender,1.0,10.0,0.0,1.0,55.0,66.0,34.0,2244.0,42.0,9.0
Junior Firpo,Defender,0.0,3.0,0.0,0.0,11.0,6.0,39.33,236.0,1.0,1.0
Bali Mumba,Defender,0.0,1.0,0.0,0.0,0.0,1.0,9.0,9.0,0.0,0.0
Max Aarons,Defender,0.0,32.0,1.0,0.0,35.0,43.0,36.81,1583.0,4.0,9.0
Joachim Andersen,Defender,1.0,16.0,1.0,1.0,41.0,38.0,63.08,2397.0,6.0,9.0
Mohammed Salisu,Defender,0.0,10.0,0.0,0.0,21.0,19.0,37.79,718.0,3.0,3.0
Lewis Gordon,Defender,0.0,0.0,0.0,0.0,0.0,0.0,0.0,0.0,0.0,0.0
Julian Jeanvier,Defender,0.0,0.0,0.0,0.0,0.0,0.0,0.0,0.0,0.0,0.0
Dominic Thompson,Defender,0.0,0.0,0.0,0.0,0.0,0.0,0.0,0.0,0.0,0.0
Ozan Kabak,Defender,0.0,5.0,0.0,0.0,16.0,12.0,60.0,720.0,4.0,4.0
Hugo Bueno,Defender,0.0,0.0,0.0,0.0,0.0,0.0,0.0,0.0,0.0,0.0
Scott Dann,Defender,16.0,104.0,11.0,0.0,151.0,241.0,29.1,7013.0,78.0,35.0
Jonny Evans,Defender,13.0,95.0,11.0,3.0,257.0,326.0,46.37,15117.0,160.0,51.0
Ben Mee,Defender,7.0,94.0,4.0,0.0,136.0,202.0,36.8,7434.0,59.0,40.0
Dimitris Giannoulis,Defender,0.0,3.0,0.0,0.0,1.0,4.0,30.5,122.0,0.0,0.0
Ezri Konsa,Defender,3.0,30.0,2.0,0.0,40.0,68.0,34.0,2312.0,25.0,6.0
Reece Hannam,Defender,0.0,0.0,0.0,0.0,0.0,0.0,0.0,0.0,0.0,0.0
Adam Masina,Defender,1.0,23.0,1.0,0.0,46.0,43.0,29.6,1273.0,13.0,8.0
Aaron Wan-Bissaka,Defender,2.0,31.0,11.0,1.0,81.0,118.0,44.09,5203.0,56.0,16.0
Ricardo Pereira,Defender,5.0,33.0,11.0,0.0,106.0,83.0,45.23,3754.0,37.0,12.0
Kurt Zouma,Defender,9.0,57.0,4.0,1.0,105.0,168.0,44.98,7557.0,72.0,14.0
Declan Rice,Defender,5.0,52.0,6.0,0.0,96.0,138.0,41.78,5766.0,52.0,16.0
Timothy Eyoma,Defender,0.0,0.0,0.0,0.0,0.0,0.0,0.0,0.0,0.0,0.0
Virgil van Dijk,Defender,14.0,31.0,4.0,1.0,93.0,169.0,66.64,11262.0,103.0,9.0
Javier Manquillo,Defender,2.0,51.0,6.0,0.0,82.0,107.0,23.82,2549.0,29.0,17.0
Baba Rahman,Defender,0.0,6.0,1.0,0.0,14.0,15.0,35.07,526.0,6.0,1.0
Axel Tuanzebe,Defender,0.0,6.0,0.0,0.0,16.0,23.0,29.22,672.0,10.0,2.0
Haydon Roberts,Defender,0.0,0.0,0.0,0.0,0.0,0.0,0.0,0.0,0.0,0.0
Sam Byram,Defender,0.0,22.0,1.0,1.0,48.0,44.0,28.41,1250.0,12.0,13.0
Pontus Jansson,Defender,0.0,1.0,1.0,0.0,1.0,7.0,32.14,225.0,3.0,1.0
Gabriel Magalhães,Defender,2.0,9.0,0.0,1.0,26.0,27.0,64.7,1747.0,14.0,2.0
Arthur Masuaku,Defender,0.0,35.0,8.0,1.0,82.0,92.0,32.72,3010.0,33.0,14.0
Reece James,Defender,2.0,16.0,6.0,1.0,55.0,60.0,46.78,2807.0,32.0,4.0
Ben Godfrey,Defender,0.0,33.0,2.0,1.0,33.0,65.0,45.97,2988.0,20.0,8.0
Konstantinos Tsimikas,Defender,0.0,1.0,1.0,0.0,13.0,6.0,21.17,127.0,4.0,1.0
James Morris,Defender,0.0,0.0,0.0,0.0,0.0,0.0,0.0,0.0,0.0,0.0
Oliver Casey,Defender,0.0,0.0,0.0,0.0,0.0,0.0,0.0,0.0,0.0,0.0
Kayne Ramsay,Defender,0.0,2.0,0.0,0.0,1.0,2.0,16.5,33.0,0.0,1.0
Thierry Small,Defender,0.0,0.0,0.0,0.0,0.0,0.0,0.0,0.0,0.0,0.0
Kevin Long,Defender,1.0,18.0,3.0,0.0,35.0,42.0,30.6,1285.0,9.0,3.0
Grant Hanley,Defender,1.0,34.0,0.0,0.0,53.0,53.0,29.87,1583.0,11.0,12.0
Filip Benkovic,Defender,0.0,0.0,0.0,0.0,0.0,0.0,0.0,0.0,0.0,0.0
Matthew Cash,Defender,1.0,15.0,2.0,1.0,43.0,35.0,35.6,1246.0,16.0,8.0
Matt Doherty,Defender,8.0,26.0,10.0,1.0,78.0,93.0,38.41,3572.0,42.0,8.0
Kiko Femenía,Defender,2.0,41.0,3.0,0.0,47.0,83.0,33.16,2752.0,23.0,9.0
Vladimir Coufal,Defender,0.0,11.0,8.0,0.0,38.0,41.0,38.61,1583.0,21.0,3.0
Derek Agyakwa,Defender,0.0,0.0,0.0,0.0,0.0,0.0,0.0,0.0,0.0,0.0
Tyrick Mitchell,Defender,1.0,14.0,1.0,0.0,12.0,30.0,33.4,1002.0,8.0,2.0
Niels Nkounkou,Defender,0.0,2.0,0.0,0.0,1.0,2.0,14.0,28.0,0.0,1.0
Philip Heise,Defender,0.0,0.0,0.0,0.0,0.0,0.0,0.0,0.0,0.0,0.0
Rúben Dias,Defender,1.0,5.0,1.0,0.0,27.0,39.0,83.62,3261.0,27.0,6.0
Japhet Tanganga,Defender,0.0,8.0,0.0,1.0,29.0,17.0,31.29,532.0,6.0,4.0
Marc Guéhi,Defender,0.0,2.0,0.0,0.0,1.0,7.0,67.29,471.0,1.0,0.0
Matt Miazga,Defender,0.0,1.0,0.0,0.0,1.0,2.0,45.0,90.0,1.0,1.0
Marçal,Defender,0.0,9.0,0.0,0.0,24.0,20.0,29.9,598.0,9.0,4.0
Thiago Silva,Defender,3.0,9.0,0.0,1.0,15.0,28.0,78.71,2204.0,14.0,4.0
Xavi Quintillá,Defender,0.0,0.0,0.0,0.0,0.0,0.0,0.0,0.0,0.0,0.0
Tobi Omole,Defender,0.0,0.0,0.0,0.0,0.0,0.0,0.0,0.0,0.0,0.0
Henrik Dalsgaard,Defender,0.0,0.0,0.0,0.0,0.0,0.0,0.0,0.0,0.0,0.0
CJ Egan-Riley,Defender,0.0,0.0,0.0,0.0,0.0,0.0,0.0,0.0,0.0,0.0
Billy Koumetio,Defender,0.0,0.0,0.0,0.0,0.0,0.0,0.0,0.0,0.0,0.0
Zanka,Defender,3.0,37.0,3.0,0.0,82.0,65.0,42.72,2777.0,12.0,13.0
Fikayo Tomori,Defender,1.0,5.0,0.0,0.0,8.0,17.0,70.18,1193.0,9.0,3.0
Séamus Coleman,Defender,20.0,87.0,24.0,2.0,207.0,303.0,31.68,9599.0,126.0,30.0
Leo Fuhr Hjelde,Defender,0.0,0.0,0.0,0.0,0.0,0.0,0.0,0.0,0.0,0.0
Jamaal Lascelles,Defender,8.0,59.0,1.0,1.0,86.0,130.0,33.57,4364.0,36.0,20.0
Mason Barrett,Defender,0.0,0.0,0.0,0.0,0.0,0.0,0.0,0.0,0.0,0.0
Yan Valery,Defender,2.0,17.0,1.0,1.0,35.0,37.0,18.0,666.0,12.0,4.0
Joël Veltman,Defender,1.0,12.0,2.0,0.0,43.0,33.0,43.21,1426.0,8.0,6.0
Romaric Yapi,Defender,0.0,0.0,0.0,0.0,0.0,0.0,0.0,0.0,0.0,0.0
Kane O'Connor,Defender,0.0,0.0,0.0,0.0,0.0,0.0,0.0,0.0,0.0,0.0
Victor Lindelöf,Defender,3.0,22.0,3.0,0.0,76.0,115.0,55.8,6417.0,58.0,8.0
Willy Boly,Defender,5.0,27.0,2.0,2.0,68.0,79.0,47.28,3735.0,31.0,5.0
Andreas Christensen,Defender,0.0,20.0,0.0,1.0,47.0,79.0,58.49,4621.0,40.0,9.0
Joseph Anderson,Defender,0.0,0.0,0.0,0.0,0.0,0.0,0.0,0.0,0.0,0.0
Brooklyn Lyons-Foster,Defender,0.0,0.0,0.0,0.0,0.0,0.0,0.0,0.0,0.0,0.0
Lucas Digne,Defender,4.0,38.0,18.0,2.0,125.0,107.0,40.72,4357.0,43.0,15.0
Jonjoe Kenny,Defender,0.0,17.0,2.0,0.0,28.0,36.0,30.25,1089.0,14.0,3.0
Tyrone Mings,Defender,4.0,44.0,5.0,1.0,57.0,92.0,42.1,3873.0,31.0,14.0
Calum Chambers,Defender,6.0,61.0,5.0,1.0,146.0,151.0,43.02,6496.0,53.0,28.0
James Tarkowski,Defender,7.0,71.0,3.0,0.0,153.0,166.0,32.08,5326.0,58.0,33.0
Joel Ward,Defender,4.0,109.0,6.0,0.0,236.0,232.0,32.53,7546.0,73.0,34.0
Kaine Hayden,Defender,0.0,0.0,0.0,0.0,0.0,0.0,0.0,0.0,0.0,0.0
Danny Rose,Defender,9.0,59.0,17.0,2.0,251.0,198.0,37.86,7496.0,95.0,51.0
Allan Tchaptchet,Defender,0.0,1.0,0.0,0.0,0.0,1.0,1.0,1.0,0.0,0.0
Timm Klose,Defender,1.0,13.0,0.0,0.0,14.0,17.0,38.24,650.0,2.0,3.0
Joe Rodon,Defender,0.0,4.0,0.0,0.0,2.0,13.0,34.69,451.0,6.0,0.0
Sam Woods,Defender,0.0,0.0,0.0,0.0,0.0,0.0,0.0,0.0,0.0,0.0
Yerson Mosquera,Defender,0.0,0.0,0.0,0.0,0.0,0.0,0.0,0.0,0.0,0.0
Ryan Bertrand,Defender,7.0,109.0,16.0,2.0,241.0,262.0,38.22,10013.0,92.0,36.0
Dan Burn,Defender,1.0,28.0,0.0,0.0,76.0,73.0,40.68,2970.0,19.0,10.0
Gaetano Berardi,Defender,0.0,0.0,0.0,0.0,1.0,2.0,27.5,55.0,2.0,0.0
Vontae Daley-Campbell,Defender,0.0,0.0,0.0,0.0,0.0,0.0,0.0,0.0,0.0,0.0
Martin Kelly,Defender,0.0,63.0,5.0,0.0,117.0,154.0,24.82,3823.0,55.0,14.0
Ed Turns,Defender,0.0,0.0,0.0,0.0,0.0,0.0,0.0,0.0,0.0,0.0
William Troost-Ekong,Defender,0.0,4.0,0.0,0.0,5.0,7.0,49.43,346.0,2.0,1.0
James Justin,Defender,2.0,10.0,2.0,0.0,24.0,36.0,48.22,1736.0,19.0,5.0
Aymeric Laporte,Defender,5.0,8.0,3.0,0.0,52.0,80.0,83.45,6676.0,66.0,8.0
Ki-Jana Hoever,Defender,0.0,8.0,0.0,0.0,7.0,14.0,23.43,328.0,3.0,2.0
Achraf Lazaar,Defender,0.0,0.0,0.0,0.0,0.0,0.0,0.0,0.0,0.0,0.0
Emil Krafth,Defender,1.0,15.0,1.0,0.0,16.0,35.0,23.29,815.0,11.0,4.0
Nathan Aké,Defender,13.0,71.0,6.0,1.0,108.0,158.0,40.89,6460.0,56.0,19.0
Angeliño,Defender,0.0,2.0,0.0,0.0,2.0,6.0,56.33,338.0,4.0,1.0
Liam Cooper,Defender,1.0,16.0,1.0,1.0,29.0,34.0,63.12,2146.0,13.0,7.0
Laurens De Bock,Defender,0.0,0.0,0.0,0.0,0.0,0.0,0.0,0.0,0.0,0.0
Rob Holding,Defender,0.0,22.0,1.0,0.0,55.0,71.0,54.77,3889.0,37.0,11.0
Jarrad Branthwaite,Defender,0.0,2.0,0.0,0.0,4.0,4.0,55.75,223.0,1.0,0.0
Xavier Mbuyamba,Defender,0.0,0.0,0.0,0.0,0.0,0.0,0.0,0.0,0.0,0.0
Bendeguz Bolla,Defender,0.0,0.0,0.0,0.0,0.0,0.0,0.0,0.0,0.0,0.0
Owen Beck,Defender,0.0,0.0,0.0,0.0,0.0,0.0,0.0,0.0,0.0,0.0
William Fish,Defender,0.0,0.0,0.0,0.0,0.0,1.0,0.0,0.0,1.0,0.0
Ryan Fredericks,Defender,2.0,27.0,4.0,0.0,45.0,57.0,26.65,1519.0,18.0,14.0
James Tomkins,Defender,12.0,120.0,7.0,2.0,170.0,271.0,30.97,8392.0,86.0,47.0
Björn Engels,Defender,1.0,12.0,0.0,0.0,5.0,17.0,38.06,647.0,3.0,1.0
Christian Fuchs,Defender,2.0,35.0,9.0,0.0,93.0,116.0,39.44,4575.0,54.0,19.0
Shane Duffy,Defender,7.0,42.0,2.0,1.0,77.0,103.0,36.62,3772.0,28.0,16.0
Mads Roerslev,Defender,0.0,1.0,0.0,0.0,0.0,2.0,4.0,8.0,1.0,0.0
Neco Williams,Defender,0.0,2.0,0.0,0.0,8.0,12.0,27.0,324.0,7.0,2.0
Niall Huggins,Defender,0.0,1.0,0.0,0.0,0.0,1.0,17.0,17.0,0.0,0.0
Wesley Fofana,Defender,0.0,10.0,0.0,0.0,37.0,28.0,60.29,1688.0,14.0,7.0
Luke Shaw,Defender,2.0,44.0,13.0,1.0,192.0,195.0,43.81,8543.0,88.0,39.0
Yerry Mina,Defender,5.0,22.0,1.0,0.0,56.0,72.0,45.54,3279.0,32.0,9.0
Anthony Driscoll-Glennon,Defender,0.0,0.0,0.0,0.0,0.0,0.0,0.0,0.0,0.0,0.0
Cameron Carter-Vickers,Defender,0.0,0.0,0.0,0.0,0.0,0.0,0.0,0.0,0.0,0.0
Bernardo,Defender,0.0,19.0,1.0,0.0,21.0,39.0,30.49,1189.0,9.0,5.0
Daniel Amartey,Defender,2.0,24.0,1.0,1.0,45.0,61.0,35.48,2164.0,25.0,8.0
Emmanuel Longelo,Forward,0.0,0.0,0.0,0.0,0.0,0.0,0.0,0.0,0.0,0.0
Ayoze Pérez,Forward,43.0,88.0,14.0,1.0,212.0,203.0,19.17,3892.0,69.0,11.0
Sadio Mané,Forward,99.0,42.0,36.0,3.0,276.0,236.0,30.74,7254.0,142.0,24.0
Raúl Jiménez,Forward,35.0,29.0,15.0,0.0,102.0,93.0,26.95,2506.0,39.0,9.0
Dwight Gayle,Forward,26.0,74.0,7.0,1.0,83.0,139.0,9.46,1315.0,32.0,8.0
Steven Bergwijn,Forward,4.0,9.0,5.0,0.0,28.0,38.0,18.95,720.0,20.0,5.0
Yoshinori Muto,Forward,1.0,16.0,0.0,0.0,15.0,25.0,5.8,145.0,3.0,1.0
Hélder Costa,Forward,4.0,21.0,5.0,0.0,41.0,48.0,15.63,750.0,17.0,3.0
Theo Walcott,Forward,78.0,104.0,54.0,0.0,114.0,371.0,15.96,5922.0,184.0,10.0
Adalberto Peñaranda,Forward,0.0,0.0,0.0,0.0,0.0,0.0,0.0,0.0,0.0,0.0
Odsonne Édouard,Forward,2.0,1.0,0.0,0.0,1.0,4.0,10.5,42.0,1.0,0.0
Lewis Dobbin,Forward,0.0,0.0,0.0,0.0,0.0,2.0,2.0,4.0,1.0,0.0
Tammy Abraham,Forward,26.0,33.0,5.0,0.0,56.0,89.0,10.36,922.0,36.0,2.0
Ignacio Pussetto,Forward,0.0,4.0,0.0,0.0,3.0,7.0,4.14,29.0,1.0,1.0
Marcus Rashford,Forward,55.0,33.0,30.0,1.0,114.0,179.0,22.99,4115.0,96.0,16.0
Dane Scarlett,Forward,0.0,0.0,0.0,0.0,0.0,1.0,0.0,0.0,1.0,0.0
Divock Origi,Forward,19.0,17.0,6.0,0.0,47.0,101.0,9.08,917.0,61.0,1.0
Leonardo Campana,Forward,0.0,0.0,0.0,0.0,0.0,0.0,0.0,0.0,0.0,0.0
Cristiano Ronaldo,Forward,87.0,29.0,34.0,4.0,55.0,200.0,18.26,3652.0,134.0,27.0
Jürgen Locadia,Forward,3.0,21.0,1.0,0.0,24.0,34.0,11.79,401.0,7.0,1.0
Saman Ghoddos,Forward,0.0,0.0,0.0,0.0,1.0,2.0,12.5,25.0,0.0,0.0
Mohamed Salah,Forward,103.0,21.0,37.0,0.0,87.0,165.0,28.69,4734.0,111.0,5.0
Andy Carroll,Forward,54.0,101.0,22.0,2.0,329.0,248.0,19.44,4822.0,84.0,34.0
Willian,Forward,38.0,56.0,38.0,1.0,135.0,259.0,34.36,8898.0,148.0,21.0
Diogo Jota,Forward,28.0,22.0,6.0,0.0,117.0,93.0,23.09,2147.0,42.0,18.0
Jan Mlakar,Forward,0.0,0.0,0.0,0.0,0.0,0.0,0.0,0.0,0.0,0.0
Halil Dervisoglu,Forward,0.0,0.0,0.0,0.0,0.0,0.0,0.0,0.0,0.0,0.0
Raphinha,Forward,9.0,15.0,9.0,0.0,21.0,37.0,29.54,1093.0,17.0,5.0
Lewis Richardson,Forward,0.0,2.0,0.0,0.0,0.0,2.0,0.5,1.0,0.0,0.0
Chris Wood,Forward,48.0,64.0,7.0,0.0,127.0,144.0,16.01,2305.0,44.0,5.0
Shola Shoretire,Forward,0.0,0.0,0.0,0.0,0.0,2.0,3.0,6.0,2.0,0.0
Richarlison,Forward,39.0,57.0,12.0,2.0,152.0,147.0,21.73,3195.0,58.0,23.0
Ian Poveda-Ocampo,Forward,0.0,6.0,0.0,0.0,5.0,14.0,7.93,111.0,4.0,0.0
Lucas Moura,Forward,17.0,37.0,9.0,0.0,90.0,109.0,21.61,2355.0,56.0,9.0
Jamie Vardy,Forward,124.0,90.0,39.0,3.0,205.0,252.0,13.71,3456.0,105.0,22.0
Danny Ings,Forward,57.0,62.0,15.0,0.0,110.0,147.0,16.99,2498.0,46.0,13.0
Son Heung-Min,Forward,73.0,49.0,40.0,2.0,82.0,203.0,24.22,4916.0,115.0,4.0
Adam Armstrong,Forward,1.0,16.0,1.0,0.0,12.0,22.0,7.82,172.0,1.0,1.0
Keinan Davis,Forward,1.0,16.0,1.0,0.0,16.0,33.0,6.33,209.0,6.0,0.0
Isaac Success,Forward,2.0,27.0,2.0,0.0,38.0,54.0,9.2,497.0,17.0,7.0
Daniel N'Lundulu,Forward,0.0,7.0,0.0,0.0,6.0,13.0,2.23,29.0,3.0,0.0
Ademola Lookman,Forward,5.0,28.0,7.0,0.0,66.0,74.0,20.69,1531.0,21.0,5.0
Philip Zinckernagel,Forward,0.0,0.0,0.0,0.0,0.0,0.0,0.0,0.0,0.0,0.0
Jarrod Bowen,Forward,10.0,26.0,10.0,0.0,25.0,65.0,15.97,1038.0,26.0,0.0
Neal Maupay,Forward,22.0,29.0,5.0,1.0,69.0,77.0,19.0,1463.0,21.0,6.0
Pedro Neto,Forward,8.0,19.0,9.0,0.0,38.0,60.0,22.8,1368.0,23.0,7.0
Salomón Rondón,Forward,35.0,62.0,14.0,1.0,148.0,144.0,20.68,2978.0,40.0,8.0
Moise Kean,Forward,2.0,13.0,2.0,0.0,28.0,32.0,4.13,132.0,9.0,1.0
Anthony Elanga,Forward,1.0,1.0,0.0,0.0,2.0,2.0,26.5,53.0,1.0,0.0
Indiana Vassilev,Forward,0.0,2.0,0.0,0.0,0.0,4.0,2.75,11.0,1.0,0.0
Samuel Edozie,Forward,0.0,0.0,0.0,0.0,0.0,0.0,0.0,0.0,0.0,0.0
Stipe Perica,Forward,0.0,0.0,0.0,0.0,0.0,0.0,0.0,0.0,0.0,0.0
Olivier Giroud,Forward,90.0,59.0,28.0,2.0,238.0,255.0,19.36,4937.0,141.0,19.0
Amad Diallo,Forward,0.0,1.0,1.0,0.0,2.0,3.0,21.0,63.0,1.0,0.0
Michael Obafemi,Forward,4.0,14.0,3.0,0.0,14.0,32.0,5.25,168.0,12.0,2.0
Cengiz Ünder,Forward,0.0,6.0,2.0,0.0,1.0,9.0,12.33,111.0,2.0,0.0
Robert Street,Forward,0.0,0.0,0.0,0.0,0.0,0.0,0.0,0.0,0.0,0.0
Glenn Murray,Forward,37.0,61.0,6.0,1.0,225.0,148.0,13.28,1966.0,44.0,20.0
Christian Benteke,Forward,82.0,123.0,22.0,4.0,399.0,262.0,24.19,6337.0,82.0,37.0
Joel Mumbongo,Forward,0.0,3.0,0.0,0.0,1.0,4.0,1.25,5.0,0.0,1.0
Theo Corbeanu,Forward,0.0,1.0,0.0,0.0,0.0,1.0,2.0,2.0,0.0,0.0
Riyad Mahrez,Forward,67.0,63.0,47.0,0.0,131.0,231.0,30.76,7105.0,121.0,7.0
Abdallah Dipo Sima,Forward,0.0,0.0,0.0,0.0,0.0,0.0,0.0,0.0,0.0,0.0
Jay Rodriguez,Forward,42.0,89.0,14.0,0.0,188.0,213.0,14.65,3120.0,61.0,14.0
Reiss Nelson,Forward,1.0,7.0,0.0,0.0,10.0,23.0,13.7,315.0,10.0,1.0
Tyreece John-Jules,Forward,0.0,0.0,0.0,0.0,0.0,0.0,0.0,0.0,0.0,0.0
Jean-Philippe Mateta,Forward,1.0,6.0,0.0,0.0,3.0,8.0,7.0,56.0,1.0,0.0
Jadon Sancho,Forward,0.0,0.0,0.0,0.0,1.0,6.0,24.5,147.0,4.0,0.0
Danny Welbeck,Forward,51.0,73.0,21.0,0.0,142.0,252.0,16.75,4221.0,123.0,13.0
Ollie Watkins,Forward,15.0,17.0,5.0,1.0,50.0,42.0,20.88,877.0,18.0,2.0
Teemu Pukki,Forward,13.0,31.0,3.0,0.0,28.0,43.0,14.77,635.0,5.0,3.0
Folarin Balogun,Forward,0.0,2.0,0.0,0.0,0.0,2.0,4.5,9.0,0.0,0.0
Iké Ugbo,Forward,0.0,0.0,0.0,0.0,0.0,0.0,0.0,0.0,0.0,0.0
Cenk Tosun,Forward,10.0,22.0,3.0,0.0,51.0,54.0,11.72,633.0,15.0,4.0
Dominic Calvert-Lewin,Forward,43.0,57.0,9.0,0.0,178.0,150.0,15.24,2286.0,59.0,20.0
Joshua Sargent,Forward,0.0,5.0,0.0,0.0,2.0,6.0,10.0,60.0,0.0,0.0
Sebastian Soto,Forward,0.0,0.0,0.0,0.0,0.0,0.0,0.0,0.0,0.0,0.0
Viktor Gyökeres,Forward,0.0,0.0,0.0,0.0,0.0,0.0,0.0,0.0,0.0,0.0
Joe Hugill,Forward,0.0,0.0,0.0,0.0,0.0,0.0,0.0,0.0,0.0,0.0
Mbwana Samatta,Forward,1.0,8.0,0.0,0.0,9.0,14.0,12.29,172.0,2.0,1.0
Harry Kane,Forward,166.0,60.0,34.0,0.0,240.0,251.0,21.56,5412.0,139.0,29.0
Aaron Connolly,Forward,5.0,19.0,2.0,0.0,22.0,43.0,5.65,243.0,11.0,0.0
Gabriel Jesus,Forward,52.0,18.0,25.0,0.0,116.0,138.0,20.02,2763.0,104.0,14.0
Kenedy,Forward,4.0,23.0,3.0,0.0,42.0,54.0,20.96,1132.0,18.0,2.0
Morgan Rogers,Forward,0.0,0.0,0.0,0.0,0.0,0.0,0.0,0.0,0.0,0.0
Xande Silva,Forward,0.0,1.0,0.0,0.0,0.0,1.0,4.0,4.0,0.0,0.0
Taiwo Awoniyi,Forward,0.0,0.0,0.0,0.0,0.0,0.0,0.0,0.0,0.0,0.0
Alex Gilbert,Forward,0.0,0.0,0.0,0.0,0.0,0.0,0.0,0.0,0.0,0.0
José Izquierdo,Forward,5.0,20.0,4.0,0.0,26.0,48.0,15.31,735.0,13.0,3.0
Carlos Vinícius,Forward,1.0,2.0,0.0,0.0,11.0,9.0,5.11,46.0,5.0,2.0
Ivan Toney,Forward,2.0,1.0,2.0,0.0,14.0,9.0,18.67,168.0,3.0,1.0
Andi Zeqiri,Forward,0.0,2.0,0.0,0.0,2.0,9.0,4.22,38.0,4.0,0.0
Jeremy Sarmiento,Forward,0.0,0.0,0.0,0.0,0.0,0.0,0.0,0.0,0.0,0.0
Joelinton,Forward,6.0,33.0,5.0,0.0,60.0,76.0,20.29,1542.0,20.0,10.0
João Pedro,Forward,0.0,4.0,0.0,0.0,2.0,5.0,5.2,26.0,0.0,0.0
Evan Ferguson,Forward,0.0,0.0,0.0,0.0,0.0,0.0,0.0,0.0,0.0,0.0
Michail Antonio,Forward,51.0,61.0,22.0,2.0,189.0,165.0,19.74,3257.0,63.0,18.0
Cucho Hernández,Forward,1.0,3.0,0.0,0.0,0.0,4.0,11.0,44.0,1.0,0.0
Leon Bailey,Forward,1.0,2.0,1.0,0.0,1.0,3.0,5.0,15.0,1.0,1.0
Steven Alzate,Forward,1.0,15.0,0.0,0.0,39.0,36.0,30.31,1091.0,9.0,3.0
Joshua King,Forward,48.0,86.0,16.0,0.0,238.0,178.0,18.35,3267.0,51.0,8.0
Sam Dalby,Forward,0.0,0.0,0.0,0.0,0.0,0.0,0.0,0.0,0.0,0.0
Thomas Dickson-Peters,Forward,0.0,0.0,0.0,0.0,0.0,0.0,0.0,0.0,0.0,0.0
Ashley Barnes,Forward,41.0,85.0,6.0,2.0,326.0,184.0,15.55,2861.0,51.0,38.0
Sam Greenwood,Forward,0.0,0.0,0.0,0.0,0.0,0.0,0.0,0.0,0.0,0.0
Michael Tait,Forward,0.0,0.0,0.0,0.0,0.0,0.0,0.0,0.0,0.0,0.0
Troy Deeney,Forward,47.0,82.0,20.0,2.0,196.0,165.0,25.55,4216.0,48.0,21.0
Timo Werner,Forward,7.0,9.0,9.0,0.0,31.0,41.0,20.44,838.0,23.0,3.0
Hwang Hee-Chan,Forward,3.0,1.0,0.0,0.0,4.0,4.0,17.0,68.0,3.0,0.0
Saïd Benrahma,Forward,4.0,11.0,8.0,0.0,16.0,37.0,19.43,719.0,19.0,0.0
Patson Daka,Forward,0.0,1.0,0.0,0.0,1.0,1.0,1.0,1.0,0.0,0.0
Dilan Markanday,Forward,0.0,0.0,0.0,0.0,0.0,0.0,0.0,0.0,0.0,0.0
Patrick Cutrone,Forward,2.0,4.0,0.0,0.0,5.0,14.0,4.36,61.0,5.0,0.0
Ashley Fletcher,Forward,0.0,7.0,0.0,0.0,9.0,16.0,5.69,91.0,7.0,2.0
Willian José,Forward,1.0,7.0,0.0,0.0,8.0,17.0,17.53,298.0,6.0,0.0
Trincão,Forward,0.0,4.0,0.0,0.0,4.0,6.0,23.5,141.0,2.0,0.0
Caleb Chukwuemeka,Forward,0.0,0.0,0.0,0.0,0.0,0.0,0.0,0.0,0.0,0.0
Sergio Agüero,Forward,184.0,45.0,47.0,1.0,169.0,275.0,22.93,6305.0,186.0,23.0
Bernard,Forward,5.0,33.0,5.0,0.0,42.0,73.0,21.89,1598.0,25.0,9.0
Kelechi Iheanacho,Forward,34.0,58.0,16.0,0.0,108.0,149.0,12.73,1897.0,55.0,7.0
Emmanuel Dennis,Forward,2.0,4.0,1.0,0.0,20.0,7.0,17.71,124.0,2.0,4.0
Ademipo Odubeko,Forward,0.0,0.0,0.0,0.0,0.0,0.0,0.0,0.0,0.0,0.0
Patrick Bamford,Forward,19.0,36.0,9.0,0.0,59.0,70.0,10.96,767.0,21.0,5.0
Pierre-Emerick Aubameyang,Forward,66.0,38.0,15.0,1.0,46.0,120.0,21.09,2531.0,57.0,5.0
Alireza Jahanbakhsh,Forward,2.0,26.0,1.0,0.0,28.0,50.0,12.42,621.0,10.0,5.0
Allan Saint-Maximin,Forward,8.0,23.0,11.0,0.0,30.0,58.0,17.98,1043.0,20.0,1.0
Marcus Forss,Forward,0.0,0.0,0.0,0.0,0.0,1.0,2.0,2.0,1.0,0.0
Andriy Yarmolenko,Forward,7.0,20.0,2.0,0.0,32.0,53.0,14.38,762.0,17.0,7.0
Percy Tau,Forward,0.0,1.0,1.0,0.0,0.0,3.0,10.33,31.0,1.0,0.0
Matej Vydra,Forward,9.0,49.0,8.0,0.0,18.0,90.0,6.79,611.0,16.0,1.0
Armando Broja,Forward,0.0,1.0,0.0,0.0,1.0,5.0,3.8,19.0,1.0,0.0
Alexandre Lacazette,Forward,50.0,41.0,18.0,0.0,161.0,130.0,19.42,2524.0,58.0,14.0
Josh Martin,Forward,0.0,5.0,0.0,0.0,1.0,5.0,3.0,15.0,0.0,0.0
Christos Tzolis,Forward,0.0,3.0,0.0,0.0,1.0,3.0,11.67,35.0,0.0,0.0
Michy Batshuayi,Forward,15.0,26.0,4.0,0.0,36.0,77.0,7.58,584.0,41.0,0.0
Marco Stiepermann,Forward,0.0,18.0,0.0,0.0,22.0,24.0,16.83,404.0,3.0,6.0
William Smallbone,Forward,0.0,4.0,2.0,0.0,5.0,12.0,23.25,279.0,5.0,0.0
Isaac Price,Forward,0.0,0.0,0.0,0.0,0.0,0.0,0.0,0.0,0.0,0.0
Jordan Ayew,Forward,26.0,90.0,12.0,2.0,273.0,177.0,21.27,3765.0,46.0,22.0
Ellis Simms,Forward,0.0,0.0,0.0,0.0,0.0,0.0,0.0,0.0,0.0,0.0
Eddie Nketiah,Forward,5.0,16.0,1.0,1.0,28.0,38.0,6.79,258.0,15.0,0.0
Che Adams,Forward,13.0,32.0,8.0,0.0,59.0,71.0,13.2,937.0,24.0,1.0
Pablo Moreno,Forward,0.0,0.0,0.0,0.0,0.0,0.0,0.0,0.0,0.0,0.0
Fábio Silva,Forward,4.0,21.0,3.0,0.0,20.0,36.0,9.11,328.0,9.0,2.0
Anthony Martial,Forward,56.0,39.0,26.0,1.0,140.0,172.0,24.58,4227.0,89.0,8.0
Joel Valencia,Forward,0.0,0.0,0.0,0.0,0.0,0.0,0.0,0.0,0.0,0.0
Mungo Bridge,Forward,0.0,0.0,0.0,0.0,0.0,0.0,0.0,0.0,0.0,0.0
Cameron Archer,Forward,0.0,1.0,0.0,0.0,0.0,2.0,0.0,0.0,1.0,0.0
Edinson Cavani,Forward,10.0,5.0,3.0,0.0,21.0,29.0,12.69,368.0,14.0,4.0
Gareth Bale,Forward,53.0,50.0,22.0,1.0,95.0,166.0,30.3,5029.0,71.0,16.0
Florin Andone,Forward,4.0,14.0,0.0,1.0,30.0,26.0,6.81,177.0,5.0,5.0
Connor Wickham,Forward,19.0,59.0,7.0,0.0,147.0,120.0,16.69,2003.0,29.0,11.0
Ferran Torres,Forward,9.0,6.0,3.0,0.0,17.0,28.0,17.0,476.0,19.0,1.0
Joe Gelhardt,Forward,0.0,0.0,0.0,0.0,0.0,0.0,0.0,0.0,0.0,0.0
Alex Iwobi,Forward,13.0,52.0,19.0,0.0,56.0,161.0,28.61,4607.0,75.0,2.0
Wilfried Zaha,Forward,49.0,109.0,27.0,1.0,325.0,252.0,21.75,5482.0,80.0,40.0
Callum Hudson-Odoi,Forward,3.0,16.0,9.0,0.0,24.0,59.0,21.29,1256.0,31.0,1.0
Troy Parrott,Forward,0.0,1.0,0.0,0.0,0.0,2.0,2.0,4.0,1.0,0.0
Nicolas Pépé,Forward,15.0,21.0,8.0,1.0,31.0,65.0,22.8,1482.0,27.0,5.0
Sergi Canós,Forward,1.0,1.0,0.0,0.0,9.0,8.0,18.88,151.0,3.0,2.0
Demarai Gray,Forward,13.0,51.0,10.0,0.0,41.0,140.0,14.79,2071.0,57.0,7.0
Bryan Gil,Forward,0.0,2.0,0.0,0.0,1.0,4.0,6.25,25.0,2.0,0.0
Rafa Mir,Forward,0.0,0.0,0.0,0.0,0.0,0.0,0.0,0.0,0.0,0.0
Aaron Pressley,Forward,0.0,0.0,0.0,0.0,0.0,0.0,0.0,0.0,0.0,0.0
Roberto Firmino,Forward,67.0,31.0,42.0,0.0,228.0,216.0,34.74,7503.0,134.0,9.0
Brad Young,Forward,0.0,0.0,0.0,0.0,0.0,0.0,0.0,0.0,0.0,0.0
Takumi Minamino,Forward,3.0,10.0,0.0,0.0,18.0,29.0,17.0,493.0,14.0,1.0
Bertrand Traoré,Forward,9.0,22.0,7.0,0.0,34.0,50.0,17.18,859.0,17.0,1.0
Leandro Trossard,Forward,11.0,28.0,9.0,0.0,49.0,73.0,26.74,1952.0,18.0,3.0
Romelu Lukaku,Forward,116.0,81.0,35.0,0.0,192.0,258.0,22.4,5780.0,116.0,19.0
Nathan Broadhead,Forward,0.0,0.0,0.0,0.0,0.0,1.0,2.0,2.0,0.0,0.0
Rodrigo,Forward,8.0,23.0,3.0,0.0,29.0,49.0,17.73,869.0,18.0,5.0
Wesley,Forward,5.0,14.0,1.0,0.0,44.0,25.0,14.92,373.0,7.0,3.0
Louie Barry,Forward,0.0,0.0,0.0,0.0,0.0,0.0,0.0,0.0,0.0,0.0
Adam Idah,Forward,0.0,15.0,0.0,0.0,2.0,17.0,3.53,60.0,0.0,0.0
Liam Delap,Forward,0.0,1.0,0.0,0.0,1.0,1.0,6.0,6.0,0.0,0.0
Scott Carson,Goalkeeper,0.0,66.0,2.0,1.0,4.0,146.0,18.71,2732.0,45.0,6.0
James Trafford,Goalkeeper,0.0,0.0,0.0,0.0,0.0,0.0,0.0,0.0,0.0,0.0
John Ruddy,Goalkeeper,0.0,56.0,0.0,1.0,1.0,121.0,21.44,2594.0,33.0,3.0
Nathan Shepperd,Goalkeeper,0.0,0.0,0.0,0.0,0.0,0.0,0.0,0.0,0.0,0.0
Illan Meslier,Goalkeeper,0.0,17.0,0.0,0.0,1.0,42.0,31.31,1315.0,17.0,1.0
Aston Oxborough,Goalkeeper,0.0,0.0,0.0,0.0,0.0,0.0,0.0,0.0,0.0,0.0
Hugo Lloris,Goalkeeper,0.0,70.0,0.0,0.0,3.0,305.0,25.32,7723.0,174.0,3.0
Elia Caprile,Goalkeeper,0.0,0.0,0.0,0.0,0.0,0.0,0.0,0.0,0.0,0.0
Jamie Cumming,Goalkeeper,0.0,0.0,0.0,0.0,0.0,0.0,0.0,0.0,0.0,0.0
Darren Randolph,Goalkeeper,0.0,15.0,0.0,0.0,0.0,34.0,26.47,900.0,12.0,1.0
Akos Onodi,Goalkeeper,0.0,0.0,0.0,0.0,0.0,0.0,0.0,0.0,0.0,0.0
Oliwier Zych,Goalkeeper,0.0,0.0,0.0,0.0,0.0,0.0,0.0,0.0,0.0,0.0
Jon McCracken,Goalkeeper,0.0,0.0,0.0,0.0,0.0,0.0,0.0,0.0,0.0,0.0
Nathan Bishop,Goalkeeper,0.0,0.0,0.0,0.0,0.0,0.0,0.0,0.0,0.0,0.0
Patrik Gunnarsson,Goalkeeper,0.0,0.0,0.0,0.0,0.0,0.0,0.0,0.0,0.0,0.0
Robert Sánchez,Goalkeeper,0.0,11.0,0.0,0.0,2.0,34.0,37.26,1267.0,11.0,4.0
Karl Darlow,Goalkeeper,0.0,22.0,0.0,0.0,0.0,47.0,25.81,1213.0,11.0,4.0
Matej Kovar,Goalkeeper,0.0,0.0,0.0,0.0,0.0,0.0,0.0,0.0,0.0,0.0
Ederson,Goalkeeper,0.0,21.0,2.0,1.0,5.0,152.0,25.46,3870.0,115.0,9.0
Marcus Bettinelli,Goalkeeper,0.0,4.0,0.0,0.0,0.0,7.0,30.14,211.0,1.0,1.0
Lukasz Fabianski,Goalkeeper,0.0,114.0,2.0,1.0,7.0,286.0,25.39,7261.0,111.0,6.0
Kjell Scherpen,Goalkeeper,0.0,0.0,0.0,0.0,0.0,0.0,0.0,0.0,0.0,0.0
Alisson,Goalkeeper,1.0,11.0,1.0,1.0,2.0,107.0,28.91,3093.0,75.0,2.0
Ben Foster,Goalkeeper,0.0,161.0,0.0,0.0,14.0,367.0,25.59,9391.0,102.0,13.0
Michael McGovern,Goalkeeper,0.0,2.0,0.0,0.0,0.0,2.0,20.0,40.0,0.0,0.0
Mikki van Sas,Goalkeeper,0.0,0.0,0.0,0.0,0.0,0.0,0.0,0.0,0.0,0.0
Kamil Grabara,Goalkeeper,0.0,0.0,0.0,0.0,0.0,0.0,0.0,0.0,0.0,0.0
Ørjan Nyland,Goalkeeper,0.0,4.0,0.0,0.0,0.0,7.0,21.71,152.0,1.0,0.0
Jakub Ojrzynski,Goalkeeper,0.0,0.0,0.0,0.0,0.0,0.0,0.0,0.0,0.0,0.0
Jordan Pickford,Goalkeeper,0.0,76.0,0.0,0.0,4.0,182.0,31.0,5642.0,65.0,5.0
Will Norris,Goalkeeper,0.0,2.0,0.0,0.0,0.0,3.0,18.67,56.0,1.0,0.0
Mark Gillespie,Goalkeeper,0.0,0.0,0.0,0.0,0.0,0.0,0.0,0.0,0.0,0.0
Lee Grant,Goalkeeper,0.0,12.0,0.0,0.0,0.0,31.0,30.94,959.0,10.0,1.0
Alphonse Areola,Goalkeeper,0.0,18.0,0.0,0.0,0.0,36.0,23.28,838.0,5.0,2.0
Daniel Barden,Goalkeeper,0.0,0.0,0.0,0.0,0.0,0.0,0.0,0.0,0.0,0.0
Jack Butland,Goalkeeper,0.0,33.0,0.0,0.0,1.0,78.0,30.08,2346.0,23.0,0.0
Martin Dúbravka,Goalkeeper,0.0,41.0,0.0,0.0,0.0,101.0,26.62,2689.0,34.0,1.0
Thomas McGill,Goalkeeper,0.0,0.0,0.0,0.0,0.0,0.0,0.0,0.0,0.0,0.0
Andreas Söndergaard,Goalkeeper,0.0,0.0,0.0,0.0,0.0,0.0,0.0,0.0,0.0,0.0
Josh Oluwayemi,Goalkeeper,0.0,0.0,0.0,0.0,0.0,0.0,0.0,0.0,0.0,0.0
Matija Sarkic,Goalkeeper,0.0,0.0,0.0,0.0,0.0,0.0,0.0,0.0,0.0,0.0
Jason Steele,Goalkeeper,0.0,0.0,0.0,0.0,0.0,0.0,0.0,0.0,0.0,0.0
Adam Parkes,Goalkeeper,0.0,0.0,0.0,0.0,0.0,0.0,0.0,0.0,0.0,0.0
Caoimhin Kelleher,Goalkeeper,0.0,1.0,0.0,0.0,0.0,2.0,26.0,52.0,1.0,0.0
Lucas Bergström,Goalkeeper,0.0,0.0,0.0,0.0,0.0,0.0,0.0,0.0,0.0,0.0
Jed Steer,Goalkeeper,0.0,3.0,0.0,0.0,0.0,3.0,21.0,63.0,0.0,0.0
José Sá,Goalkeeper,0.0,4.0,1.0,0.0,1.0,7.0,19.14,134.0,3.0,1.0
Cieran Slicker,Goalkeeper,0.0,0.0,0.0,0.0,0.0,0.0,0.0,0.0,0.0,0.0
Luke Daniels,Goalkeeper,0.0,0.0,0.0,0.0,0.0,1.0,4.0,4.0,0.0,0.0
Stephen Henderson,Goalkeeper,0.0,0.0,0.0,0.0,0.0,0.0,0.0,0.0,0.0,0.0
Angus Gunn,Goalkeeper,0.0,10.0,0.0,0.0,0.0,22.0,23.64,520.0,6.0,0.0
Tim Krul,Goalkeeper,0.0,100.0,2.0,0.0,3.0,200.0,27.95,5590.0,60.0,9.0
Robin Olsen,Goalkeeper,0.0,2.0,0.0,0.0,0.0,7.0,25.14,176.0,2.0,1.0
Andy Lonergan,Goalkeeper,0.0,0.0,0.0,0.0,0.0,0.0,0.0,0.0,0.0,0.0
Emiliano Martínez,Goalkeeper,0.0,23.0,0.0,0.0,2.0,59.0,28.61,1688.0,27.0,4.0
Karl Hein,Goalkeeper,0.0,0.0,0.0,0.0,0.0,0.0,0.0,0.0,0.0,0.0
Bernd Leno,Goalkeeper,0.0,31.0,0.0,1.0,2.0,100.0,27.97,2797.0,43.0,2.0
Christian Walton,Goalkeeper,0.0,0.0,0.0,0.0,0.0,0.0,0.0,0.0,0.0,0.0
Adrián,Goalkeeper,0.0,45.0,0.0,2.0,5.0,139.0,25.04,3481.0,57.0,10.0
Sergio Romero,Goalkeeper,0.0,1.0,0.0,0.0,0.0,7.0,25.86,181.0,4.0,0.0
Remi Matthews,Goalkeeper,0.0,0.0,0.0,0.0,0.0,0.0,0.0,0.0,0.0,0.0
Harvey Davies,Goalkeeper,0.0,0.0,0.0,0.0,0.0,0.0,0.0,0.0,0.0,0.0
Nick Pope,Goalkeeper,0.0,42.0,0.0,0.0,3.0,112.0,27.72,3105.0,38.0,5.0
Álvaro Fernández,Goalkeeper,0.0,0.0,0.0,0.0,0.0,0.0,0.0,0.0,0.0,0.0
Joe Hart,Goalkeeper,0.0,97.0,1.0,0.0,6.0,340.0,19.8,6733.0,169.0,7.0
Rúnar Alex Rúnarsson,Goalkeeper,0.0,1.0,0.0,0.0,0.0,1.0,9.0,9.0,0.0,0.0
Pierluigi Gollini,Goalkeeper,0.0,0.0,0.0,0.0,0.0,0.0,0.0,0.0,0.0,0.0
Bailey Peacock-Farrell,Goalkeeper,0.0,4.0,0.0,0.0,0.0,4.0,26.5,106.0,0.0,0.0
Harry Tyrer,Goalkeeper,0.0,0.0,0.0,0.0,0.0,0.0,0.0,0.0,0.0,0.0
Aaron Ramsdale,Goalkeeper,0.0,50.0,1.0,0.0,1.0,79.0,26.46,2090.0,19.0,1.0
Arthur Okonkwo,Goalkeeper,0.0,0.0,0.0,0.0,0.0,0.0,0.0,0.0,0.0,0.0
David de Gea,Goalkeeper,0.0,71.0,0.0,0.0,1.0,346.0,22.03,7621.0,190.0,6.0
Kiko Casilla,Goalkeeper,0.0,1.0,0.0,0.0,0.0,3.0,26.0,78.0,2.0,0.0
Zack Steffen,Goalkeeper,0.0,0.0,0.0,0.0,1.0,1.0,26.0,26.0,1.0,0.0
Daniel Langley,Goalkeeper,0.0,0.0,0.0,0.0,0.0,0.0,0.0,0.0,0.0,0.0
Rui Patrício,Goalkeeper,0.0,38.0,0.0,0.0,0.0,112.0,19.24,2155.0,42.0,1.0
Zan-Luk Leban,Goalkeeper,0.0,0.0,0.0,0.0,0.0,0.0,0.0,0.0,0.0,0.0
Kepa Arrizabalaga,Goalkeeper,0.0,22.0,0.0,0.0,0.0,77.0,28.18,2170.0,41.0,3.0
Vicente Guaita,Goalkeeper,0.0,41.0,0.0,0.0,1.0,99.0,24.99,2474.0,33.0,5.0
Eldin Jakupovic,Goalkeeper,0.0,13.0,0.0,0.0,0.0,28.0,27.46,769.0,9.0,0.0
João Virgínia,Goalkeeper,0.0,1.0,0.0,0.0,0.0,1.0,12.0,12.0,0.0,0.0
Willy Caballero,Goalkeeper,0.0,5.0,0.0,0.0,0.0,34.0,24.18,822.0,19.0,0.0
Robert Elliot,Goalkeeper,0.0,28.0,1.0,1.0,1.0,52.0,28.12,1462.0,15.0,1.0
Kasper Schmeichel,Goalkeeper,0.0,84.0,0.0,0.0,0.0,254.0,29.26,7432.0,111.0,11.0
Jakub Stolarczyk,Goalkeeper,0.0,0.0,0.0,0.0,0.0,0.0,0.0,0.0,0.0,0.0
Karlo Ziger,Goalkeeper,0.0,0.0,0.0,0.0,0.0,0.0,0.0,0.0,0.0,0.0
David Raya,Goalkeeper,0.0,1.0,0.0,0.0,0.0,7.0,42.57,298.0,3.0,0.0
Wayne Hennessey,Goalkeeper,0.0,94.0,1.0,0.0,1.0,181.0,26.84,4858.0,47.0,4.0
Freddie Woodman,Goalkeeper,0.0,3.0,0.0,0.0,0.0,4.0,26.75,107.0,0.0,0.0
Alfie Whiteman,Goalkeeper,0.0,0.0,0.0,0.0,0.0,0.0,0.0,0.0,0.0,0.0
Louie Moulden,Goalkeeper,0.0,0.0,0.0,0.0,0.0,0.0,0.0,0.0,0.0,0.0
Vítezslav Jaros,Goalkeeper,0.0,0.0,0.0,0.0,0.0,0.0,0.0,0.0,0.0,0.0
Édouard Mendy,Goalkeeper,0.0,8.0,0.0,0.0,1.0,37.0,29.05,1075.0,21.0,3.0
Ellery Balcombe,Goalkeeper,0.0,0.0,0.0,0.0,0.0,0.0,0.0,0.0,0.0,0.0
Pontus Dahlberg,Goalkeeper,0.0,0.0,0.0,0.0,0.0,0.0,0.0,0.0,0.0,0.0
Mat Ryan,Goalkeeper,0.0,55.0,0.0,0.0,2.0,124.0,29.0,3596.0,29.0,3.0
Loris Karius,Goalkeeper,0.0,4.0,0.0,0.0,2.0,29.0,27.21,789.0,17.0,1.0
Kristoffer Klaesson,Goalkeeper,0.0,0.0,0.0,0.0,0.0,0.0,0.0,0.0,0.0,0.0
Asmir Begovic,Goalkeeper,1.0,105.0,0.0,0.0,5.0,253.0,21.78,5511.0,80.0,12.0
Fraser Forster,Goalkeeper,0.0,42.0,0.0,0.0,1.0,115.0,23.98,2758.0,48.0,4.0
Tom Smith,Goalkeeper,0.0,0.0,0.0,0.0,0.0,0.0,0.0,0.0,0.0,0.0
Viljami Sinisalo,Goalkeeper,0.0,0.0,0.0,0.0,0.0,0.0,0.0,0.0,0.0,0.0
Daniel Bachmann,Goalkeeper,0.0,3.0,0.0,0.0,0.0,4.0,25.5,102.0,1.0,0.0
James Hillson,Goalkeeper,0.0,0.0,0.0,0.0,0.0,0.0,0.0,0.0,0.0,0.0
Arijanet Muric,Goalkeeper,0.0,0.0,0.0,0.0,0.0,0.0,0.0,0.0,0.0,0.0
Marcelo Pitaluga,Goalkeeper,0.0,0.0,0.0,0.0,0.0,0.0,0.0,0.0,0.0,0.0
Nathan Baxter,Goalkeeper,0.0,0.0,0.0,0.0,0.0,0.0,0.0,0.0,0.0,0.0
Tom Heaton,Goalkeeper,0.0,55.0,0.0,0.0,2.0,116.0,28.36,3290.0,34.0,5.0
Nathan Trott,Goalkeeper,0.0,0.0,0.0,0.0,0.0,0.0,0.0,0.0,0.0,0.0
Brandon Austin,Goalkeeper,0.0,0.0,0.0,0.0,0.0,0.0,0.0,0.0,0.0,0.0
Juan Mata,Midfielder,52.0,62.0,54.0,1.0,135.0,271.0,43.04,11665.0,143.0,19.0
Ethan Galbraith,Midfielder,0.0,0.0,0.0,0.0,0.0,0.0,0.0,0.0,0.0,0.0
Lukas Rupp,Midfielder,0.0,13.0,0.0,0.0,14.0,17.0,22.53,383.0,2.0,1.0
Imran Louza,Midfielder,0.0,1.0,0.0,0.0,0.0,1.0,14.0,14.0,0.0,0.0
Tom Dele-Bashiru,Midfielder,0.0,0.0,0.0,0.0,0.0,0.0,0.0,0.0,0.0,0.0
Jaden Philogene-Bidace,Midfielder,0.0,0.0,0.0,0.0,0.0,2.0,3.0,6.0,2.0,0.0
Kgaogelo Chauke,Midfielder,0.0,0.0,0.0,0.0,0.0,0.0,0.0,0.0,0.0,0.0
Ruben Loftus-Cheek,Midfielder,10.0,36.0,7.0,0.0,68.0,110.0,23.89,2628.0,40.0,4.0
Jairo Riedewald,Midfielder,2.0,33.0,0.0,0.0,28.0,64.0,18.09,1158.0,17.0,4.0
Cole Palmer,Midfielder,0.0,0.0,0.0,0.0,1.0,1.0,14.0,14.0,1.0,0.0
Romain Saïss,Midfielder,7.0,32.0,1.0,1.0,104.0,86.0,48.47,4168.0,34.0,21.0
Josh Brownhill,Midfielder,0.0,22.0,1.0,0.0,48.0,50.0,34.7,1735.0,14.0,7.0
Mohamed Elneny,Midfielder,1.0,17.0,3.0,1.0,34.0,70.0,49.83,3488.0,43.0,10.0
Milot Rashica,Midfielder,0.0,6.0,0.0,0.0,4.0,7.0,12.14,85.0,0.0,0.0
Jesse Lingard,Midfielder,29.0,35.0,14.0,0.0,161.0,152.0,27.62,4198.0,79.0,18.0
Phil Foden,Midfielder,16.0,9.0,8.0,0.0,31.0,72.0,22.11,1592.0,57.0,0.0
Pablo Fornals,Midfielder,9.0,29.0,10.0,0.0,51.0,76.0,28.92,2198.0,31.0,7.0
Giovani Lo Celso,Midfielder,1.0,13.0,3.0,0.0,47.0,50.0,31.78,1589.0,23.0,11.0
Tariqe Fosu-Henry,Midfielder,0.0,0.0,0.0,0.0,0.0,0.0,0.0,0.0,0.0,0.0
Nikola Vlasic,Midfielder,0.0,6.0,0.0,0.0,9.0,15.0,15.67,235.0,4.0,0.0
Adrián Bernabé,Midfielder,0.0,0.0,0.0,0.0,0.0,0.0,0.0,0.0,0.0,0.0
Wilfred Ndidi,Midfielder,7.0,54.0,9.0,2.0,250.0,152.0,51.31,7799.0,67.0,27.0
Alfie Devine,Midfielder,0.0,0.0,0.0,0.0,0.0,0.0,0.0,0.0,0.0,0.0
Bruno Jordão,Midfielder,0.0,1.0,0.0,0.0,0.0,1.0,6.0,6.0,0.0,0.0
Alfie McCalmont,Midfielder,0.0,0.0,0.0,0.0,0.0,0.0,0.0,0.0,0.0,0.0
Lewis Baker,Midfielder,0.0,0.0,0.0,0.0,0.0,0.0,0.0,0.0,0.0,0.0
Adam Forshaw,Midfielder,0.0,16.0,1.0,0.0,33.0,35.0,38.71,1355.0,6.0,4.0
Emiliano Marcondes,Midfielder,0.0,0.0,0.0,0.0,0.0,0.0,0.0,0.0,0.0,0.0
Morgan Sanson,Midfielder,0.0,4.0,0.0,0.0,6.0,9.0,15.33,138.0,2.0,3.0
Marc Albrighton,Midfielder,19.0,103.0,42.0,1.0,178.0,290.0,22.01,6382.0,108.0,35.0
Kwadwo Baah,Midfielder,0.0,0.0,0.0,0.0,0.0,0.0,0.0,0.0,0.0,0.0
Jorginho,Midfielder,13.0,23.0,3.0,0.0,100.0,103.0,72.73,7491.0,57.0,20.0
Christian Atsu,Midfielder,3.0,32.0,6.0,0.0,34.0,80.0,13.7,1096.0,25.0,5.0
Ben Cottrell,Midfielder,0.0,0.0,0.0,0.0,0.0,0.0,0.0,0.0,0.0,0.0
Ethan Fitzhugh,Midfielder,0.0,0.0,0.0,0.0,0.0,0.0,0.0,0.0,0.0,0.0
Kaoru Mitoma,Midfielder,0.0,0.0,0.0,0.0,0.0,0.0,0.0,0.0,0.0,0.0
Miguel Azeez,Midfielder,0.0,0.0,0.0,0.0,0.0,0.0,0.0,0.0,0.0,0.0
James Maddison,Midfielder,21.0,37.0,15.0,1.0,81.0,105.0,38.31,4023.0,49.0,11.0
Romeo Lavia,Midfielder,0.0,0.0,0.0,0.0,0.0,0.0,0.0,0.0,0.0,0.0
Fernandinho,Midfielder,18.0,40.0,18.0,4.0,346.0,249.0,63.66,15852.0,173.0,52.0
Todd Cantwell,Midfielder,6.0,31.0,2.0,0.0,35.0,42.0,28.07,1179.0,5.0,8.0
Oliver Skipp,Midfielder,0.0,3.0,0.0,0.0,14.0,22.0,20.55,452.0,15.0,4.0
Xherdan Shaqiri,Midfielder,22.0,44.0,20.0,0.0,90.0,129.0,26.65,3438.0,53.0,14.0
Claudio Gomes,Midfielder,0.0,0.0,0.0,0.0,0.0,0.0,0.0,0.0,0.0,0.0
Bruno Fernandes,Midfielder,30.0,7.0,20.0,0.0,59.0,58.0,56.33,3267.0,33.0,10.0
Enock Mwepu,Midfielder,0.0,0.0,0.0,0.0,3.0,3.0,11.0,33.0,3.0,1.0
James Balagizi,Midfielder,0.0,0.0,0.0,0.0,0.0,0.0,0.0,0.0,0.0,0.0
Harry Wilson,Midfielder,7.0,19.0,0.0,0.0,12.0,31.0,18.55,575.0,7.0,2.0
Oleksandr Zinchenko,Midfielder,0.0,11.0,3.0,1.0,44.0,63.0,71.21,4486.0,50.0,2.0
Gabriel Martinelli,Midfielder,5.0,8.0,1.0,0.0,19.0,30.0,9.13,274.0,11.0,1.0
Mario Lemina,Midfielder,3.0,34.0,2.0,0.0,91.0,74.0,36.04,2667.0,13.0,12.0
Maurizio Pochettino,Midfielder,0.0,0.0,0.0,0.0,0.0,0.0,0.0,0.0,0.0,0.0
Jamie Bowden,Midfielder,0.0,0.0,0.0,0.0,0.0,0.0,0.0,0.0,0.0,0.0
Granit Xhaka,Midfielder,9.0,46.0,15.0,4.0,242.0,165.0,72.35,11938.0,84.0,42.0
James Milner,Midfielder,55.0,140.0,85.0,3.0,467.0,567.0,30.26,17157.0,286.0,70.0
Micah Hamilton,Midfielder,0.0,0.0,0.0,0.0,0.0,0.0,0.0,0.0,0.0,0.0
Tanguy Ndombele,Midfielder,5.0,22.0,4.0,0.0,40.0,57.0,33.32,1899.0,20.0,6.0
Kalvin Phillips,Midfielder,1.0,10.0,2.0,0.0,56.0,35.0,49.97,1749.0,17.0,11.0
Kevin De Bruyne,Midfielder,43.0,26.0,78.0,0.0,148.0,184.0,52.67,9691.0,126.0,15.0
Conor Bradley,Midfielder,0.0,0.0,0.0,0.0,0.0,0.0,0.0,0.0,0.0,0.0
Harvey Elliott,Midfielder,0.0,2.0,0.0,0.0,1.0,8.0,25.0,200.0,5.0,0.0
Jack Grealish,Midfielder,16.0,52.0,17.0,0.0,90.0,103.0,32.34,3331.0,33.0,16.0
Paris Maghoma,Midfielder,0.0,0.0,0.0,0.0,0.0,0.0,0.0,0.0,0.0,0.0
Beni Baningime,Midfielder,0.0,2.0,0.0,0.0,4.0,8.0,10.25,82.0,2.0,1.0
Thiago,Midfielder,1.0,7.0,1.0,0.0,49.0,28.0,66.96,1875.0,15.0,4.0
Tawanda Maswanhise,Midfielder,0.0,0.0,0.0,0.0,0.0,0.0,0.0,0.0,0.0,0.0
Crysencio Summerville,Midfielder,0.0,1.0,0.0,0.0,0.0,2.0,7.0,14.0,0.0,0.0
Albert Sambi Lokonga,Midfielder,0.0,2.0,0.0,0.0,5.0,6.0,39.83,239.0,3.0,2.0
André Gomes,Midfielder,1.0,29.0,3.0,0.0,124.0,77.0,38.6,2972.0,31.0,16.0
Ross Barkley,Midfielder,28.0,71.0,28.0,0.0,167.0,227.0,37.1,8422.0,99.0,18.0
Domingos Quina,Midfielder,1.0,5.0,0.0,0.0,8.0,12.0,19.75,237.0,4.0,0.0
Jensen Weir,Midfielder,0.0,0.0,0.0,0.0,0.0,0.0,0.0,0.0,0.0,0.0
Charlie Whitaker,Midfielder,0.0,0.0,0.0,0.0,0.0,0.0,0.0,0.0,0.0,0.0
Juraj Kucka,Midfielder,0.0,3.0,0.0,0.0,14.0,6.0,24.5,147.0,2.0,1.0
Arjan Raikhy,Midfielder,0.0,0.0,0.0,0.0,0.0,0.0,0.0,0.0,0.0,0.0
Naby Keïta,Midfielder,5.0,4.0,4.0,0.0,51.0,57.0,37.53,2139.0,46.0,2.0
Reda Khadra,Midfielder,0.0,1.0,0.0,0.0,0.0,1.0,1.0,1.0,0.0,0.0
Frank Onyeka,Midfielder,0.0,1.0,0.0,0.0,9.0,6.0,12.17,73.0,3.0,1.0
Mark Noble,Midfielder,46.0,164.0,35.0,5.0,387.0,405.0,45.07,18255.0,143.0,82.0
Stuart McKinstry,Midfielder,0.0,0.0,0.0,0.0,0.0,0.0,0.0,0.0,0.0,0.0
Maxwell Haygarth,Midfielder,0.0,0.0,0.0,0.0,0.0,0.0,0.0,0.0,0.0,0.0
Jan Zamburek,Midfielder,0.0,0.0,0.0,0.0,0.0,0.0,0.0,0.0,0.0,0.0
Mateusz Klich,Midfielder,5.0,17.0,6.0,0.0,50.0,40.0,41.52,1661.0,16.0,6.0
Jóhann Gudmundsson,Midfielder,9.0,61.0,18.0,0.0,61.0,125.0,18.32,2290.0,33.0,9.0
Ainsley Maitland-Niles,Midfielder,1.0,27.0,3.0,2.0,51.0,84.0,30.37,2551.0,36.0,8.0
Mathias Jensen,Midfielder,0.0,1.0,0.0,0.0,0.0,3.0,12.0,36.0,1.0,0.0
Allan,Midfielder,0.0,10.0,1.0,0.0,46.0,31.0,41.19,1277.0,15.0,6.0
James Ward-Prowse,Midfielder,32.0,109.0,29.0,2.0,246.0,276.0,34.73,9585.0,92.0,34.0
Caleb Watts,Midfielder,0.0,3.0,0.0,0.0,0.0,3.0,4.0,12.0,0.0,1.0
Peter Gwargis,Midfielder,0.0,0.0,0.0,0.0,0.0,0.0,0.0,0.0,0.0,0.0
Peter Etebo,Midfielder,0.0,3.0,0.0,0.0,7.0,6.0,25.83,155.0,2.0,3.0
Boubakary Soumaré,Midfielder,0.0,2.0,0.0,0.0,4.0,5.0,22.2,111.0,1.0,0.0
Rúben Neves,Midfielder,11.0,42.0,6.0,0.0,118.0,116.0,54.7,6345.0,43.0,27.0
Carney Chukwuemeka,Midfielder,0.0,0.0,0.0,0.0,2.0,3.0,8.67,26.0,2.0,0.0
Gylfi Sigurdsson,Midfielder,67.0,121.0,50.0,0.0,214.0,318.0,26.88,8548.0,129.0,22.0
Jeff Hendrick,Midfielder,12.0,66.0,6.0,2.0,112.0,146.0,24.49,3575.0,49.0,20.0
Moussa Sissoko,Midfielder,14.0,93.0,24.0,2.0,301.0,264.0,35.47,9363.0,122.0,40.0
Matthew Longstaff,Midfielder,2.0,8.0,0.0,0.0,9.0,14.0,28.14,394.0,2.0,1.0
Victor Moses,Midfielder,20.0,65.0,18.0,0.0,169.0,220.0,21.03,4627.0,103.0,16.0
Martin Ødegaard,Midfielder,2.0,5.0,2.0,0.0,4.0,19.0,36.32,690.0,10.0,1.0
Charly Musonda,Midfielder,0.0,2.0,1.0,0.0,3.0,3.0,6.0,18.0,1.0,0.0
Melvin Sitti,Midfielder,0.0,0.0,0.0,0.0,0.0,0.0,0.0,0.0,0.0,0.0
Marko Grujic,Midfielder,0.0,3.0,0.0,0.0,2.0,8.0,5.88,47.0,4.0,1.0
Dwight McNeil,Midfielder,7.0,46.0,16.0,0.0,60.0,103.0,26.99,2780.0,32.0,8.0
Matt Ritchie,Midfielder,11.0,67.0,23.0,0.0,180.0,153.0,31.52,4823.0,45.0,28.0
Jean-Philippe Gbamin,Midfielder,0.0,0.0,0.0,0.0,2.0,3.0,26.33,79.0,1.0,0.0
Marcel Lavinier,Midfielder,0.0,0.0,0.0,0.0,0.0,0.0,0.0,0.0,0.0,0.0
Kenny McLean,Midfielder,1.0,32.0,1.0,0.0,24.0,43.0,43.72,1880.0,4.0,5.0
Thomas Partey,Midfielder,0.0,8.0,2.0,0.0,22.0,28.0,45.68,1279.0,14.0,6.0
Stuart Armstrong,Midfielder,12.0,41.0,10.0,0.0,79.0,92.0,26.41,2430.0,31.0,9.0
Youri Tielemans,Midfielder,13.0,32.0,16.0,0.0,85.0,95.0,56.04,5324.0,45.0,11.0
Myles Peart-Harris,Midfielder,0.0,0.0,0.0,0.0,0.0,0.0,0.0,0.0,0.0,0.0
Bryan Mbeumo,Midfielder,2.0,1.0,0.0,0.0,2.0,7.0,18.86,132.0,3.0,1.0
Jack Harrison,Midfielder,8.0,18.0,8.0,0.0,33.0,41.0,27.24,1117.0,17.0,2.0
Shandon Baptiste,Midfielder,0.0,1.0,0.0,1.0,3.0,5.0,11.8,59.0,2.0,0.0
Alexandre Jankewitz,Midfielder,0.0,2.0,0.0,1.0,1.0,2.0,1.5,3.0,0.0,0.0
Ezgjan Alioski,Midfielder,2.0,13.0,3.0,0.0,39.0,36.0,38.25,1377.0,18.0,7.0
Leighton Clarkson,Midfielder,0.0,0.0,0.0,0.0,0.0,0.0,0.0,0.0,0.0,0.0
Ashley Westwood,Midfielder,12.0,127.0,29.0,0.0,234.0,265.0,45.93,12171.0,75.0,47.0
Jesurun Rak-Sakyi,Midfielder,0.0,1.0,0.0,0.0,0.0,1.0,11.0,11.0,0.0,0.0
Davy Pröpper,Midfielder,2.0,46.0,7.0,1.0,106.0,107.0,41.84,4477.0,27.0,8.0
Georginio Wijnaldum,Midfielder,27.0,41.0,16.0,0.0,99.0,217.0,42.83,9294.0,129.0,8.0
Christian Nørgaard,Midfielder,1.0,1.0,0.0,0.0,12.0,7.0,41.14,288.0,3.0,3.0
Jack Cork,Midfielder,8.0,115.0,9.0,0.0,234.0,282.0,41.1,11589.0,100.0,34.0
Scott McTominay,Midfielder,10.0,17.0,2.0,0.0,106.0,95.0,35.19,3343.0,52.0,9.0
Jack Jenkins,Midfielder,0.0,0.0,0.0,0.0,0.0,0.0,0.0,0.0,0.0,0.0
Nathan Holland,Midfielder,0.0,2.0,0.0,0.0,0.0,2.0,5.5,11.0,0.0,0.0
Rachid Ghezzal,Midfielder,1.0,12.0,0.0,0.0,13.0,19.0,22.21,422.0,5.0,3.0
Christian Pulisic,Midfielder,14.0,16.0,6.0,0.0,29.0,53.0,25.55,1354.0,26.0,2.0
Tommy Doyle,Midfielder,0.0,0.0,0.0,0.0,0.0,1.0,20.0,20.0,1.0,0.0
Solly March,Midfielder,4.0,49.0,8.0,0.0,99.0,116.0,23.25,2697.0,29.0,7.0
Przemyslaw Placheta,Midfielder,0.0,0.0,0.0,0.0,0.0,0.0,0.0,0.0,0.0,0.0
Andreas Pereira,Midfielder,2.0,13.0,4.0,0.0,42.0,45.0,24.69,1111.0,21.0,10.0
Abdoulaye Doucouré,Midfielder,21.0,76.0,18.0,0.0,176.0,165.0,50.6,8349.0,57.0,39.0
Henri Lansbury,Midfielder,0.0,8.0,0.0,0.0,5.0,13.0,8.85,115.0,4.0,1.0
Aaron Ramsey,Midfielder,0.0,0.0,0.0,0.0,0.0,0.0,0.0,0.0,0.0,0.0
Will Ferry,Midfielder,0.0,0.0,0.0,0.0,0.0,0.0,0.0,0.0,0.0,0.0
Iker Pozo,Midfielder,0.0,0.0,0.0,0.0,0.0,0.0,0.0,0.0,0.0,0.0
Morgan Gibbs-White,Midfielder,1.0,22.0,1.0,0.0,17.0,46.0,13.63,627.0,15.0,3.0
Scott Banks,Midfielder,0.0,0.0,0.0,0.0,0.0,0.0,0.0,0.0,0.0,0.0
Mateusz Bogusz,Midfielder,0.0,0.0,0.0,0.0,0.0,0.0,0.0,0.0,0.0,0.0
Hayden Lindley,Midfielder,0.0,0.0,0.0,0.0,0.0,0.0,0.0,0.0,0.0,0.0
Sheyi Ojo,Midfielder,0.0,2.0,3.0,0.0,3.0,8.0,17.5,140.0,3.0,0.0
Fabian Delph,Midfielder,7.0,77.0,8.0,3.0,143.0,194.0,46.81,9081.0,79.0,30.0
Rodri,Midfielder,6.0,13.0,4.0,0.0,94.0,74.0,77.51,5736.0,52.0,16.0
Ozan Tufan,Midfielder,0.0,1.0,0.0,0.0,3.0,2.0,16.5,33.0,0.0,0.0
James McCarthy,Midfielder,13.0,109.0,12.0,1.0,311.0,272.0,40.89,11122.0,91.0,48.0
Matthew Craig,Midfielder,0.0,0.0,0.0,0.0,0.0,0.0,0.0,0.0,0.0,0.0
Emiliano Buendía,Midfielder,2.0,27.0,7.0,1.0,38.0,41.0,36.73,1506.0,7.0,7.0
Taylor Jay-Hart,Midfielder,0.0,0.0,0.0,0.0,0.0,0.0,0.0,0.0,0.0,0.0
Dennis Praet,Midfielder,2.0,15.0,3.0,0.0,30.0,42.0,19.4,815.0,21.0,2.0
John McGinn,Midfielder,7.0,33.0,8.0,0.0,92.0,71.0,31.8,2258.0,24.0,17.0
Paul Pogba,Midfielder,28.0,23.0,36.0,1.0,244.0,144.0,61.01,8785.0,80.0,25.0
Andrew Moran,Midfielder,0.0,0.0,0.0,0.0,0.0,0.0,0.0,0.0,0.0,0.0
Donny van de Beek,Midfielder,1.0,5.0,1.0,0.0,5.0,20.0,13.7,274.0,12.0,1.0
Miguel Almirón,Midfielder,8.0,37.0,3.0,0.0,58.0,87.0,23.91,2080.0,27.0,9.0
Ryan Finnigan,Midfielder,0.0,0.0,0.0,0.0,0.0,0.0,0.0,0.0,0.0,0.0
Tyler Onyango,Midfielder,0.0,0.0,0.0,0.0,0.0,0.0,0.0,0.0,0.0,0.0
Hakim Ziyech,Midfielder,2.0,5.0,3.0,0.0,20.0,25.0,28.48,712.0,12.0,3.0
Jayson Molumby,Midfielder,0.0,0.0,0.0,0.0,0.0,1.0,1.0,1.0,1.0,0.0
Taylor Richards,Midfielder,0.0,1.0,0.0,0.0,0.0,1.0,17.0,17.0,0.0,0.0
Sidnei Tavares,Midfielder,0.0,0.0,0.0,0.0,1.0,2.0,13.0,26.0,1.0,0.0
Edward Rowe,Midfielder,0.0,0.0,0.0,0.0,0.0,0.0,0.0,0.0,0.0,0.0
Henri Saivet,Midfielder,1.0,2.0,0.0,0.0,1.0,5.0,21.2,106.0,3.0,0.0
Muhamed Besic,Midfielder,0.0,17.0,0.0,0.0,42.0,46.0,29.11,1339.0,14.0,11.0
Nemanja Matic,Midfielder,6.0,41.0,20.0,3.0,251.0,232.0,58.97,13680.0,144.0,38.0
Kiernan Dewsbury-Hall,Midfielder,0.0,0.0,0.0,0.0,0.0,1.0,3.0,3.0,1.0,0.0
Jakub Moder,Midfielder,0.0,6.0,1.0,0.0,14.0,19.0,19.74,375.0,8.0,1.0
Tomas Soucek,Midfielder,14.0,19.0,2.0,1.0,86.0,58.0,39.98,2319.0,25.0,7.0
Jamie Shackleton,Midfielder,0.0,8.0,0.0,0.0,3.0,18.0,19.28,347.0,7.0,0.0
Tom Cleverley,Midfielder,14.0,81.0,14.0,1.0,176.0,219.0,37.95,8312.0,82.0,22.0
Kane Crichlow,Midfielder,0.0,0.0,0.0,0.0,0.0,0.0,0.0,0.0,0.0,0.0
Facundo Pellistri,Midfielder,0.0,0.0,0.0,0.0,0.0,0.0,0.0,0.0,0.0,0.0
Jonjo Shelvey,Midfielder,21.0,98.0,26.0,4.0,210.0,244.0,41.88,10218.0,87.0,40.0
Hannibal Mejbri,Midfielder,0.0,0.0,0.0,0.0,0.0,1.0,3.0,3.0,1.0,0.0
Aaron Lennon,Midfielder,34.0,127.0,50.0,0.0,160.0,392.0,18.97,7437.0,165.0,20.0
Eberechi Eze,Midfielder,4.0,16.0,6.0,0.0,18.0,34.0,32.0,1088.0,12.0,3.0
Dale Stephens,Midfielder,1.0,51.0,5.0,1.0,144.0,106.0,46.26,4904.0,25.0,21.0
Oriol Romeu,Midfielder,5.0,77.0,1.0,0.0,288.0,209.0,45.0,9404.0,73.0,56.0
Bukayo Saka,Midfielder,7.0,21.0,9.0,0.0,51.0,66.0,28.0,1848.0,28.0,7.0
Mackenzie Hunt,Midfielder,0.0,0.0,0.0,0.0,0.0,0.0,0.0,0.0,0.0,0.0
Dani Ceballos,Midfielder,0.0,17.0,5.0,0.0,42.0,49.0,51.49,2523.0,21.0,5.0
Conor Hourihane,Midfielder,4.0,15.0,6.0,0.0,15.0,31.0,24.03,745.0,9.0,4.0
Andros Townsend,Midfielder,25.0,108.0,28.0,0.0,105.0,250.0,21.99,5497.0,91.0,15.0
Kortney Hause,Midfielder,3.0,13.0,0.0,0.0,35.0,28.0,39.61,1109.0,8.0,5.0
Tom Davies,Midfielder,5.0,42.0,5.0,0.0,143.0,133.0,27.25,3624.0,59.0,25.0
Kieran Dowell,Midfielder,0.0,2.0,0.0,0.0,1.0,4.0,13.5,54.0,2.0,0.0
Chem Campbell,Midfielder,0.0,0.0,0.0,0.0,0.0,0.0,0.0,0.0,0.0,0.0
Teddy Jenks,Midfielder,0.0,0.0,0.0,0.0,0.0,0.0,0.0,0.0,0.0,0.0
Michael Craig,Midfielder,0.0,0.0,0.0,0.0,0.0,0.0,0.0,0.0,0.0,0.0
Jake Cain,Midfielder,0.0,0.0,0.0,0.0,0.0,0.0,0.0,0.0,0.0,0.0
Romaine Mundle,Midfielder,0.0,0.0,0.0,0.0,0.0,0.0,0.0,0.0,0.0,0.0
Ben Woodburn,Midfielder,0.0,1.0,0.0,0.0,2.0,6.0,6.67,40.0,5.0,0.0
Dele Alli,Midfielder,51.0,43.0,34.0,0.0,196.0,177.0,33.85,5992.0,99.0,25.0
Einar Iversen,Midfielder,0.0,0.0,0.0,0.0,0.0,0.0,0.0,0.0,0.0,0.0
Lars Dendoncker,Midfielder,0.0,0.0,0.0,0.0,0.0,0.0,0.0,0.0,0.0,0.0
James McArthur,Midfielder,23.0,136.0,20.0,0.0,412.0,305.0,36.47,11123.0,97.0,50.0
Luke Bolton,Midfielder,0.0,0.0,0.0,0.0,0.0,0.0,0.0,0.0,0.0,0.0
Lamare Bogarde,Midfielder,0.0,0.0,0.0,0.0,0.0,0.0,0.0,0.0,0.0,0.0
Harry Winks,Midfielder,2.0,27.0,2.0,0.0,70.0,111.0,43.19,4794.0,65.0,19.0
Lewis Bate,Midfielder,0.0,0.0,0.0,0.0,0.0,0.0,0.0,0.0,0.0,0.0
Emile Smith Rowe,Midfielder,3.0,8.0,5.0,0.0,7.0,29.0,32.86,953.0,15.0,0.0
Alex Král,Midfielder,0.0,0.0,0.0,0.0,0.0,0.0,0.0,0.0,0.0,0.0
Faustino Anjorin,Midfielder,0.0,0.0,0.0,0.0,0.0,1.0,7.0,7.0,1.0,0.0
Ken Sema,Midfielder,1.0,6.0,2.0,0.0,18.0,22.0,13.41,295.0,11.0,2.0
Danny Drinkwater,Midfielder,4.0,32.0,8.0,1.0,150.0,104.0,50.48,5250.0,48.0,11.0
Onel Hernández,Midfielder,1.0,19.0,2.0,0.0,14.0,26.0,11.96,311.0,1.0,0.0
Nya Kirby,Midfielder,0.0,0.0,0.0,0.0,0.0,0.0,0.0,0.0,0.0,0.0
Harrison Sohna,Midfielder,0.0,0.0,0.0,0.0,0.0,0.0,0.0,0.0,0.0,0.0
Thakgalo Leshabela,Midfielder,0.0,0.0,0.0,0.0,0.0,1.0,7.0,7.0,1.0,0.0
Liam McCarron,Midfielder,0.0,0.0,0.0,0.0,0.0,0.0,0.0,0.0,0.0,0.0
Erik Lamela,Midfielder,17.0,44.0,23.0,1.0,235.0,177.0,24.58,4350.0,90.0,30.0
Yves Bissouma,Midfielder,2.0,39.0,1.0,1.0,129.0,91.0,35.86,3263.0,25.0,18.0
Shane Flynn,Midfielder,0.0,0.0,0.0,0.0,0.0,0.0,0.0,0.0,0.0,0.0
Nathan Redmond,Midfielder,27.0,117.0,21.0,1.0,185.0,242.0,27.21,6585.0,62.0,13.0
Saúl Ñíguez,Midfielder,0.0,0.0,0.0,0.0,3.0,1.0,38.0,38.0,1.0,0.0
Tiemoué Bakayoko,Midfielder,2.0,6.0,2.0,1.0,50.0,29.0,38.21,1108.0,18.0,3.0
Marvelous Nakamba,Midfielder,0.0,21.0,0.0,0.0,38.0,46.0,25.22,1160.0,17.0,8.0
Mads Bidstrup,Midfielder,0.0,0.0,0.0,0.0,0.0,3.0,3.67,11.0,2.0,0.0
Ryan Fraser,Midfielder,16.0,70.0,28.0,1.0,45.0,142.0,26.3,3734.0,37.0,7.0
Michael Olise,Midfielder,1.0,1.0,0.0,0.0,1.0,3.0,10.0,30.0,1.0,0.0
J'Neil Bennett,Midfielder,0.0,0.0,0.0,0.0,0.0,0.0,0.0,0.0,0.0,0.0
Reece McAlear,Midfielder,0.0,0.0,0.0,0.0,0.0,0.0,0.0,0.0,0.0,0.0
Hamza Choudhury,Midfielder,1.0,15.0,2.0,1.0,31.0,48.0,24.35,1169.0,21.0,4.0
Joseph Hungbo,Midfielder,0.0,0.0,0.0,0.0,0.0,0.0,0.0,0.0,0.0,0.0
Jacob Ramsey,Midfielder,0.0,11.0,0.0,0.0,20.0,28.0,12.14,340.0,12.0,2.0
Dan Gosling,Midfielder,17.0,79.0,4.0,1.0,164.0,185.0,27.95,5170.0,69.0,35.0
Yoane Wissa,Midfielder,2.0,0.0,0.0,0.0,1.0,4.0,2.0,8.0,1.0,0.0
Alex Oxlade-Chamberlain,Midfielder,17.0,46.0,23.0,0.0,108.0,211.0,22.4,4726.0,122.0,10.0
Kai Havertz,Midfielder,5.0,10.0,3.0,0.0,35.0,33.0,26.67,880.0,14.0,2.0
Jacob Murphy,Midfielder,4.0,38.0,6.0,0.0,39.0,67.0,13.21,885.0,13.0,4.0
Mohamed Elyounoussi,Midfielder,1.0,12.0,0.0,0.0,15.0,21.0,15.1,317.0,1.0,0.0
Mario Vrancic,Midfielder,1.0,15.0,0.0,0.0,13.0,20.0,22.6,452.0,1.0,3.0
Pierre-Emile Højbjerg,Midfielder,7.0,63.0,8.0,2.0,219.0,154.0,57.87,8912.0,55.0,30.0
Josh Dasilva,Midfielder,0.0,0.0,0.0,0.0,0.0,0.0,0.0,0.0,0.0,0.0
Jacob Sørensen,Midfielder,0.0,0.0,0.0,0.0,0.0,0.0,0.0,0.0,0.0,0.0
Felipe Anderson,Midfielder,10.0,32.0,8.0,0.0,44.0,63.0,40.75,2567.0,20.0,4.0
Fabinho,Midfielder,4.0,10.0,6.0,0.0,98.0,92.0,60.63,5578.0,63.0,20.0
Thanawat Suengchitthawon,Midfielder,0.0,0.0,0.0,0.0,0.0,0.0,0.0,0.0,0.0,0.0
Owen Otasowie,Midfielder,0.0,2.0,1.0,0.0,3.0,6.0,9.83,59.0,1.0,1.0
Douglas Luiz,Midfielder,3.0,36.0,6.0,1.0,120.0,75.0,37.63,2822.0,25.0,17.0
Pascal Groß,Midfielder,15.0,56.0,25.0,0.0,87.0,131.0,35.15,4605.0,30.0,10.0
Jacob Montes,Midfielder,0.0,0.0,0.0,0.0,0.0,0.0,0.0,0.0,0.0,0.0
Meritan Shabani,Midfielder,0.0,0.0,0.0,0.0,0.0,0.0,0.0,0.0,0.0,0.0
Daniel Podence,Midfielder,4.0,12.0,2.0,0.0,19.0,37.0,20.16,746.0,16.0,3.0
Ryan Sessegnon,Midfielder,2.0,25.0,6.0,0.0,24.0,41.0,20.63,846.0,10.0,0.0
Tyler Morton,Midfielder,0.0,0.0,0.0,0.0,0.0,0.0,0.0,0.0,0.0,0.0
Malachi Boateng,Midfielder,0.0,0.0,0.0,0.0,0.0,0.0,0.0,0.0,0.0,0.0
Joseph Willock,Midfielder,9.0,21.0,1.0,0.0,32.0,60.0,13.9,834.0,20.0,3.0
Robbie Brady,Midfielder,10.0,81.0,13.0,1.0,136.0,160.0,22.62,3619.0,45.0,18.0
Moisés Caicedo,Midfielder,0.0,0.0,0.0,0.0,0.0,0.0,0.0,0.0,0.0,0.0
Mateo Kovacic,Midfielder,2.0,24.0,9.0,0.0,60.0,97.0,56.66,5496.0,53.0,15.0
Alexis Mac Allister,Midfielder,2.0,13.0,2.0,0.0,24.0,35.0,16.49,577.0,11.0,1.0
Manuel Lanzini,Midfielder,21.0,56.0,14.0,0.0,57.0,141.0,38.85,5478.0,46.0,20.0
Stuart Dallas,Midfielder,8.0,18.0,3.0,0.0,42.0,45.0,49.4,2223.0,19.0,7.0
Mason Mount,Midfielder,13.0,21.0,11.0,0.0,90.0,78.0,39.65,3093.0,40.0,5.0
James Garner,Midfielder,0.0,0.0,0.0,0.0,0.0,2.0,7.5,15.0,2.0,0.0
Will Hughes,Midfielder,5.0,40.0,8.0,0.0,126.0,77.0,28.61,2203.0,22.0,14.0
Danel Sinani,Midfielder,0.0,0.0,0.0,0.0,0.0,0.0,0.0,0.0,0.0,0.0
Omari Hutchinson,Midfielder,0.0,0.0,0.0,0.0,0.0,0.0,0.0,0.0,0.0,0.0
Bernardo Silva,Midfielder,22.0,18.0,24.0,0.0,86.0,137.0,41.36,5667.0,105.0,14.0
Dylan Levitt,Midfielder,0.0,0.0,0.0,0.0,0.0,0.0,0.0,0.0,0.0,0.0
Nathan Tella,Midfielder,1.0,13.0,1.0,0.0,16.0,21.0,7.48,157.0,5.0,2.0
Luke Cundle,Midfielder,0.0,0.0,0.0,0.0,0.0,0.0,0.0,0.0,0.0,0.0
Vitinha,Midfielder,0.0,10.0,1.0,0.0,8.0,19.0,17.37,330.0,5.0,0.0
Moussa Djenepo,Midfielder,3.0,27.0,2.0,1.0,58.0,51.0,14.29,729.0,14.0,12.0
Kamal Sowah,Midfielder,0.0,0.0,0.0,0.0,0.0,0.0,0.0,0.0,0.0,0.0
Jack Francis,Midfielder,0.0,0.0,0.0,0.0,0.0,0.0,0.0,0.0,0.0,0.0
Taylor Perry,Midfielder,0.0,0.0,0.0,0.0,0.0,0.0,0.0,0.0,0.0,0.0
Billy Gilmour,Midfielder,0.0,7.0,0.0,0.0,8.0,15.0,40.73,611.0,7.0,0.0
Jaime Alvarado,Midfielder,0.0,0.0,0.0,0.0,0.0,0.0,0.0,0.0,0.0,0.0
Benjamin Chrisene,Midfielder,0.0,0.0,0.0,0.0,0.0,0.0,0.0,0.0,0.0,0.0
Mathias Normann,Midfielder,0.0,2.0,1.0,0.0,3.0,3.0,36.67,110.0,0.0,1.0
Tom Trybull,Midfielder,0.0,10.0,0.0,0.0,26.0,16.0,38.44,615.0,2.0,2.0
Jaakko Oksanen,Midfielder,0.0,0.0,0.0,0.0,0.0,0.0,0.0,0.0,0.0,0.0
N'Golo Kanté,Midfielder,11.0,40.0,12.0,0.0,254.0,198.0,52.99,10493.0,116.0,29.0
Josh Benson,Midfielder,0.0,3.0,0.0,0.0,4.0,6.0,13.17,79.0,2.0,0.0
João Moutinho,Midfielder,3.0,40.0,15.0,1.0,146.0,116.0,49.91,5789.0,45.0,14.0
Luka Milivojevic,Midfielder,28.0,66.0,5.0,1.0,248.0,153.0,45.58,6973.0,50.0,42.0
Pablo Hernández,Midfielder,5.0,34.0,15.0,0.0,30.0,73.0,36.73,2681.0,21.0,6.0
Trézéguet,Midfielder,8.0,28.0,2.0,1.0,74.0,55.0,11.85,652.0,17.0,2.0
Mattéo Guendouzi,Midfielder,0.0,17.0,1.0,0.0,41.0,57.0,48.25,2750.0,24.0,15.0
Anthony Mancini,Midfielder,0.0,0.0,0.0,0.0,0.0,0.0,0.0,0.0,0.0,0.0
Cheikhou Kouyaté,Midfielder,14.0,94.0,10.0,1.0,285.0,237.0,30.55,7240.0,75.0,29.0
Nohan Kenneh,Midfielder,0.0,0.0,0.0,0.0,0.0,0.0,0.0,0.0,0.0,0.0
Vitaly Janelt,Midfielder,1.0,1.0,0.0,0.0,9.0,6.0,32.33,194.0,2.0,1.0
James McAtee,Midfielder,0.0,0.0,0.0,0.0,0.0,0.0,0.0,0.0,0.0,0.0
Marc Leonard,Midfielder,0.0,0.0,0.0,0.0,0.0,0.0,0.0,0.0,0.0,0.0
Fred,Midfielder,3.0,18.0,1.0,0.0,118.0,82.0,56.09,4599.0,41.0,17.0
Juan Familia-Castillo,Midfielder,0.0,0.0,0.0,0.0,0.0,0.0,0.0,0.0,0.0,0.0
Conor Gallagher,Midfielder,4.0,18.0,3.0,0.0,57.0,36.0,29.58,1065.0,4.0,13.0
Jeffrey Schlupp,Midfielder,14.0,74.0,10.0,0.0,135.0,178.0,20.04,3567.0,63.0,17.0
Felix Nmecha,Midfielder,0.0,0.0,0.0,0.0,0.0,0.0,0.0,0.0,0.0,0.0
Anwar El Ghazi,Midfielder,15.0,33.0,4.0,0.0,43.0,65.0,16.18,1052.0,18.0,6.0
Lucas Torreira,Midfielder,3.0,15.0,3.0,1.0,62.0,63.0,39.57,2493.0,28.0,14.0
Pierre Lees-Melou,Midfielder,0.0,5.0,0.0,0.0,8.0,6.0,37.83,227.0,0.0,2.0
Adam Lallana,Midfielder,31.0,60.0,29.0,0.0,164.0,233.0,32.78,7637.0,108.0,18.0
Ilkay Gündogan,Midfielder,29.0,22.0,8.0,0.0,58.0,135.0,57.96,7825.0,99.0,15.0
Curtis Jones,Midfielder,3.0,6.0,3.0,0.0,23.0,33.0,35.73,1179.0,18.0,2.0
Conor Coventry,Midfielder,0.0,0.0,0.0,0.0,0.0,0.0,0.0,0.0,0.0,0.0
